date,population,admission,release
2020-03-01,92322.23333412943,1827.6210856842142,1579.445907310285
2020-03-02,92405.9982560931,1662.210829273958,3017.744590608968
2020-03-03,91836.32450861811,2450.5167890799175,2787.0399835628978
2020-03-04,91575.88457422447,2518.8269722461987,2233.554536758181
2020-03-05,91560.51006252514,2217.7276441064546,2893.73296813073
2020-03-06,91346.52602701625,2681.162378000012,2752.4717403062664
2020-03-07,91475.3303902002,2882.7511034902077,1232.3453093298358
2020-03-08,91907.09462992733,1664.484549056987,1393.7384544911263
2020-03-09,91979.28326481582,1476.2355571215028,2977.2075133660665
2020-03-10,91391.62510167468,2492.133258270928,2647.3928200134424
2020-03-11,91236.44502711167,2490.8601813478513,2936.504131116132
2020-03-12,90805.19845008558,2507.9385885728097,2525.785165598891
2020-03-13,90611.98891009652,2335.1756256098474,2676.218498932224
2020-03-14,90204.20529603344,2267.9348848691066,1198.1646527783787
2020-03-15,91008.87552812413,1500.1466983650735,1414.0962086727543
2020-03-16,91033.8595572034,1439.0802377519915,3447.5563536002905
2020-03-17,89273.3327167174,1688.4860348534405,3105.5209498735826
2020-03-18,87636.59780169725,1468.7860348534407,2849.9134887072973
2020-03-19,86079.42527526892,1294.687740990441,2710.612648371163
2020-03-20,84506.61941550726,1138.7567886094887,2476.0474968560115
2020-03-21,83039.1468890789,1008.5749704276709,891.3863857449007
2020-03-22,82870.99153436773,722.3310310337315,897.8302360122805
2020-03-23,82581.20516361378,607.5438652583302,2299.4368851071677
2020-03-24,81140.11197467802,861.2768198037847,2279.1283420728864
2020-03-25,79796.92711907558,935.9434864704515,1870.2116754062195
2020-03-26,78721.1589301398,794.9434864704516,1809.6481833427274
2020-03-27,77785.5970904104,875.01491504188,1661.5350881046322
2020-03-28,76949.82691734764,827.5565817085468,587.3782699228143
2020-03-29,77079.40522913336,719.7565817085468,656.2206941652383
2020-03-30,77014.95020758577,592.0990059509708,1599.776249720794
2020-03-31,76182.39518603818,768.5704345223994,1580.5802524813187
2020-04-01,75386.77529216484,787.1535953229517,1711.5684238368171
2020-04-02,74467.3776205137,794.6707521856969,1536.5089000272935
2020-04-03,73857.51367902131,808.1578553602999,1429.0556352365288
2020-04-04,73132.01337389257,706.1401785926232,606.7515948324883
2020-04-05,73095.68171955747,570.419940497385,590.3849281658215
2020-04-06,73050.08339855568,544.7866071640517,1382.593261499155
2020-04-07,72386.9017442206,719.9116071640517,1279.5604332163266
2020-04-08,71937.25291816832,820.079110381555,1315.9489449583723
2020-04-09,71414.65917553159,786.8580961851468,1392.209680049027
2020-04-10,70817.3898212826,976.4403258000403,960.2984523877997
2020-04-11,70758.88297674613,902.6249411846559,474.8380146773619
2020-04-12,70975.95744534096,689.912483272198,516.1872571016044
2020-04-13,71056.04327757217,596.6308129100398,1320.3148439456545
2020-04-14,70485.39503737171,747.88251283613,1245.8716621274727
2020-04-15,70045.46346383796,803.7984219270389,1148.5549954608061
2020-04-16,69684.07355697085,788.498421927039,1261.6661065719172
2020-04-17,69251.5642056593,829.9900885937057,1179.8744399052507
2020-04-18,68922.45763212554,849.8928663714834,545.6336719313944
2020-04-19,69102.05463002036,723.4806698261987,592.550338598061
2020-04-20,69170.90162791515,657.2306698261987,1276.3640451617678
2020-04-21,68807.59470045604,915.9322389777678,1159.8450037368439
2020-04-22,68550.22381514104,902.1407850885198,1142.975883967724
2020-04-23,68377.78907701219,893.4480913636119,1113.9727093645495
2020-04-24,68172.71595504497,893.132464109651,1121.556042697883
2020-04-25,68117.4344997444,1065.1079207306555,563.1117050910452
2020-04-26,68370.40763846095,817.2515104742453,727.8541293334695
2020-04-27,68377.5428983896,734.973480171215,1283.7348652642052
2020-04-28,68027.01964460974,934.303278151013,1206.1794651088048
2020-04-29,67822.22349428199,1001.0737909715259,1359.5164132483847
2020-04-30,67446.47542087731,989.5352989080338,1252.7119437412837
2020-05-01,67167.3571093774,974.4507750985099,1131.1175651807764
2020-05-02,67015.46957086792,979.3915651328483,611.4303856935967
2020-05-03,67335.84784432426,930.9753258166088,591.535787538129
2020-05-04,67581.39383846571,838.04011501292,1337.8885042658455
2020-05-05,67165.381353075,1044.8229053220261,1202.9673351571764
2020-05-06,67009.03553435099,1046.621516433137,1054.1101923000338
2020-05-07,67066.98192341914,1110.5565813682022,1171.2340739739152
2020-05-08,67610.29258016408,1150.3408999127857,1227.6496694895109
2020-05-09,67444.48363706442,1063.7868802360008,572.6624900023314
2020-05-10,67771.00802729808,899.6035469026675,572.388247578089
2020-05-11,68022.67787207721,822.2723780714987,1784.450686528028
2020-05-12,67612.00849219211,1371.4351527967733,1206.7626523399936
2020-05-13,67548.1938131617,1142.9479733095939,1266.8035253558667
2020-05-14,67536.74024524241,1256.7249574365783,1205.0876162649574
2020-05-15,67583.69576823222,1252.04313925476,1203.587616264958
2020-05-16,67809.24977607053,1428.6416241032448,700.2239799013214
2020-05-17,68185.66742027244,1075.718547180168,738.7239799013215
2020-05-18,68380.08506447436,931.2468872611395,1539.6684243457657
2020-05-19,68072.89159756518,1234.6257510873718,1316.4739799013212
2020-05-20,68138.44813065599,1382.5305129921337,1446.3666205939617
2020-05-21,70246.87868972082,1333.60350066436,1383.43661865146
2020-05-22,70233.98841406482,1374.379676328797,1355.704567369409
2020-05-23,70384.14868785939,1508.3879180870388,768.2415331813747
2020-05-24,70826.79799674165,1212.3908420636471,790.9979434377848
2020-05-25,71111.55200647861,1075.7519531747582,778.3646101044516
2020-05-26,71388.77744478702,1056.25671507952,1655.0896101044518
2020-05-27,71186.88773158027,1414.252766025571,1416.0196943720357
2020-05-28,71144.84834840301,1399.6726188870903,1638.046434298776
2020-05-29,71010.22230188912,1502.4203877848593,1571.8321485844901
2020-05-30,70883.45339823233,1445.8965782610499,752.4154819178232
2020-05-31,71288.78449457556,1157.7465782610498,827.5047676321091
2020-06-01,71503.91916234735,1041.9727687372404,1749.1714342987757
2020-06-02,71001.55383011916,1244.1172131816847,1495.5464342987757
2020-06-03,70845.57738677983,1346.9097636867352,1684.0235446883862
2020-06-04,70717.09964473922,1503.7153822699402,1301.7049029852617
2020-06-05,70771.21744667692,1356.7317958320432,1538.6616129419717
2020-06-06,70872.47810575747,1640.588938689186,715.9331747135335
2020-06-07,71305.38911448837,1148.8441834444309,719.3855556659145
2020-06-08,73788.03821845735,1050.5890631117293,1741.5602738623718
2020-06-09,73696.46912596903,1564.5470737253734,2189.1353956033754
2020-06-10,74484.06838800198,2080.203068093677,1731.8948741146864
2020-06-11,74445.42691939154,1693.6764824273223,1788.1929510377634
2020-06-12,74417.4854507811,1761.2014824273224,1578.47352955016
2020-06-13,74345.65555241858,1504.4214089654306,768.3513073279379
2020-06-14,74829.35898738942,1252.0547422987643,710.4068628834934
2020-06-15,75413.17353347136,1168.8599371039588,1775.3635728402032
2020-06-16,75254.17422673944,1616.3642661082877,1711.03023950687
2020-06-17,75341.57492000752,1651.0782179736543,1657.53023950687
2020-06-18,75233.4756132756,1549.4309327749545,1684.3838023088024
2020-06-19,75236.83282828283,1687.2410173160174,1813.7588023088024
2020-06-20,75156.19004329004,1732.6160173160174,769.1224386724386
2020-06-21,75599.86544011543,1212.7978354978354,655.1224386724386
2020-06-22,76139.54083694084,1194.7978354978354,1896.8029942279945
2020-06-23,75890.84123376623,1649.5200577200576,1703.5033910533912
2020-06-24,75879.7448051948,1699.2819624819626,2968.3783910533903
2020-06-25,75779.64837662337,2868.2819624819626,1845.1313702838984
2020-06-26,75769.97993579454,1837.4629294550646,1583.4253059427176
2020-06-27,75877.37755252764,1692.794163277325,799.3965465442215
2020-06-28,76287.60850259408,1208.2941632773247,727.3443579920328
2020-06-29,76716.19551326658,1154.93136866453,1884.5862509030435
2020-06-30,76445.645646111,1618.685893551408,1730.1107607069648
2020-07-01,76405.38744562215,1689.8525602180748,1906.175717971922
2020-07-02,76188.11898872298,1689.1636713291862,1845.8715221677262
2020-07-03,75949.75962273293,1607.512156177671,918.7048555010598
2020-07-04,76385.23359007621,1354.1788228443377,655.7048555010597
2020-07-05,77082.08255741949,1352.5538228443377,689.2048555010598
2020-07-06,77632.93152476277,1240.0538228443374,2064.800815097019
2020-07-07,77127.40170422726,1559.2709945615093,1955.4808150970189
2020-07-08,77112.04188369174,1941.6009945615094,2189.0084341446377
2020-07-09,78125.31301553719,3201.2795659900803,1977.0639897001938
2020-07-10,77966.19525849372,1817.9462326567473,1604.7104543466583
2020-07-11,78025.39063276345,1664.314919525434,731.5195452557493
2020-07-12,78600.9860070331,1307.114919525434,677.5195452557494
2020-07-13,79104.58138130279,1181.1149195254338,2537.246817983022
2020-07-14,78792.76766466339,2225.4331013436163,1867.082394906099
2020-07-15,78799.79962110092,1875.104351343616,1885.9612837949878
2020-07-16,78783.51578806475,1868.7362742882324,1877.7797711899457
2020-07-17,78656.16388780167,1750.4278709268879,1846.2797711899457
2020-07-18,78542.31198753862,1732.9278709268879,670.2242156343905
2020-07-19,79186.34897616446,1313.7612042602211,700.5436600788348
2020-07-20,79663.28874256807,1176.5667598157765,2332.55863703736
2020-07-21,79379.28764875662,2051.71499330272,1278.216087114165
2020-07-22,79436.39564585425,1334.7955127832395,1788.5922775903557
2020-07-23,79467.02745247571,1817.2846902724168,2109.573879321957
2020-07-24,79414.37679156469,2058.423218410945,1468.4072126552906
2020-07-25,79547.28168620924,1600.2565517442783,781.0631955612736
2020-07-26,80099.205811623,1333.7373209750479,751.6978109458889
2020-07-27,80442.12993703679,1179.2373209750476,2157.6541046521825
2020-07-28,79930.47072911724,1645.1198967326234,1825.6532876587187
2020-07-29,79892.48472381207,1787.450746405826,1805.0785698928244
2020-07-30,79849.24871850687,1763.6607464058259,1753.0396088538635
2020-07-31,79852.36985605884,1752.860746405826,1795.5562755205299
2020-08-01,79846.87432694413,1790.560746405826,796.05627552053
2020-08-02,80335.87879782944,1285.060746405826,751.05627552053
2020-08-03,80827.38326871472,1242.560746405826,1939.3896088538634
2020-08-04,80578.5544062667,1690.560746405826,1969.0146088538634
2020-08-05,80411.10054381865,1800.585746405826,1798.7146088538634
2020-08-06,80531.19668137061,1918.8107464058262,1917.7146088538632
2020-08-07,80444.29281892258,1830.3107464058262,1841.6236997629542
2020-08-08,80509.88895647455,1895.344837314917,783.3736997629543
2020-08-09,81068.7350940265,1337.6743827694625,760.8736997629542
2020-08-10,81544.58123157846,1239.719837314917,2035.673699762954
2020-08-11,81299.02736913043,1788.619837314917,2442.310207699462
2020-08-12,81385.25128446016,2530.3341230292026,1796.967350556605
2020-08-13,81452.52281883752,1864.2388849339648,1898.415402504657
2020-08-14,81481.70993763045,1927.602521297601,1864.615402504657
2020-08-15,81627.17022715512,2010.0756920293084,861.6084580602127
2020-08-16,82241.88398890199,1478.9888864737527,898.1601247268792
2020-08-17,82714.15275064885,1377.4288864737525,2174.5053628221167
2020-08-18,82408.40960763383,1868.6134102832764,1999.064838821352
2020-08-19,82416.29784729236,2009.619745146539,1872.7315054880187
2020-08-20,82408.68608695087,1864.4530784798724,2017.814838821352
2020-08-21,82545.74099327608,2054.0312836080775,1870.6315054880188
2020-08-22,82679.99589960124,2006.2197451465393,885.9648388213523
2020-08-23,83352.25080592642,1558.2197451465388,921.4648388213523
2020-08-24,83810.17237891829,1365.7641895909833,2162.7520812297
2020-08-25,83612.67113066066,1966.8508329720798,2147.0854145630337
2020-08-26,83941.50321573639,2476.85083297208,1920.9301764677957
2020-08-27,84031.27244366922,2010.6994044006512,1976.9190653566845
2020-08-28,84154.10833826878,2099.7549599562067,2058.519065356684
2020-08-29,84174.7442328683,2076.754959956207,888.7190653566844
2020-08-30,84954.99123857892,1671.7660710673183,884.1857320233511
2020-08-31,85575.40491095622,1504.5994044006516,2325.185732023351
2020-09-01,85188.81858333353,1938.599404400651,2313.523896274559
2020-09-02,85033.06558904413,2165.6549599562068,2181.6698590074775
2020-09-03,84996.42545189764,2145.029721860969,2188.332649705152
2020-09-04,84924.9364775418,2118.8320474423645,2187.2210217981756
2020-09-05,84921.74750318602,2184.932047442364,932.1210217981757
2020-09-06,85526.5585288302,1536.9320474423644,885.0210217981756
2020-09-07,85997.7195544744,1356.1820474423641,837.2630524947518
2020-09-08,86603.00559651632,1443.540830073874,2431.865899143053
2020-09-09,86160.79163855825,1989.6519411849856,2319.2992324763864
2020-09-10,85945.64434726685,2104.1519411849854,2163.5270102541635
2020-09-11,85924.21372264212,2143.5963856294297,2044.527010254164
2020-09-12,85913.11643135073,2034.7630522960967,894.5270102541641
2020-09-13,86614.68580672597,1594.229718962763,879.7834205105744
2020-09-14,87134.20390004998,1395.8245907576347,2292.696973624127
2020-09-15,86762.30294575491,1921.6960193290633,2161.4303069574607
2020-09-16,86679.73532479318,2078.86268599573,2153.9303069574603
2020-09-17,86447.66770383145,1921.8626859957299,2070.3191958463494
2020-09-18,86430.6000828697,2052.7515748846185,2068.8961189232723
2020-09-19,86368.24400036954,2008.3861902692342,900.7422727694268
2020-09-20,87014.63791786935,1547.8861902692342,858.3922727694267
2020-09-21,87533.12274446004,1376.8770993601433,2218.8922727694267
2020-09-22,87187.10757105077,1872.8770993601433,2125.8922727694267
2020-09-23,87024.09239764148,1962.8770993601433,2035.6884549931738
2020-09-24,86898.8951650508,1914.968495129782,2119.936695462382
2020-09-25,86700.321535922,1921.3630663335587,1975.436695462382
2020-09-26,86916.74790679317,2191.863066333559,898.4366954623824
2020-09-27,87474.17427766435,1455.8630663335587,861.5994861600568
2020-09-28,87943.17041597738,1331.5723686591398,2320.602546135577
2020-09-29,87579.66655429041,1957.0986844486135,2161.102546135577
2020-09-30,87450.16269260347,2031.5986844486135,2302.102546135577
2020-10-01,87334.1588309165,2183.3294536793833,2176.7141012471325
2020-10-02,87212.03542210998,2055.577705427634,1846.9605693190344
2020-10-03,87135.78556969548,1869.4043983290871,920.6542507435882
2020-10-04,87540.53571728099,1324.7377316624202,755.6745759468404
2020-10-05,87972.3752957608,1188.034154426648,1997.2630607953254
2020-10-06,87641.18638939208,1665.074154426648,1956.2630607953254
2020-10-07,87467.99748302343,1783.074154426648,1836.2630607953254
2020-10-08,87482.80857665477,1851.074154426648,1883.2630607953254
2020-10-09,87375.61967028609,1774.151077503571,1715.7630607953254
2020-10-10,87508.34743058408,1850.1574877599812,815.3463941286584
2020-10-11,87990.32519088205,1297.9908210933147,783.7630607953251
2020-10-12,88397.55295118004,1164.8908210933148,1581.6425244924653
2020-10-13,88273.82196404098,1475.7890057969114,1960.024822633739
2020-10-14,88028.88965399897,1759.8703447171486,2009.505570440813
2020-10-15,87799.07791133282,1777.2771611080072,1744.5889037741463
2020-10-16,87812.84950200001,1759.6938277746738,1920.4904189256617
2020-10-17,87538.7195775157,1646.3604944413403,839.9641031361874
2020-10-18,87909.4229863647,1209.334178651867,697.6307698028542
2020-10-19,88341.12639521372,1130.6675119852005,1758.4085475806326
2020-10-20,88194.32980406274,1611.6119564296448,1909.9502142472988
2020-10-21,87980.32487957842,1693.9452897629778,1801.588145281782
2020-10-22,88071.36162176076,1894.0582384809268,1888.5307270678118
2020-10-23,87968.02964599438,1785.1987513014394,1922.7276967647815
2020-10-24,87934.09160962194,1889.774508877197,867.7125452496296
2020-10-25,88325.65357324955,1259.2745088771971,751.7125452496296
2020-10-26,88661.2155368771,1087.2745088771974,2031.5323650694497
2020-10-27,88243.00272572991,1613.319553922242,1856.0323650694497
2020-10-28,88073.78991458268,1686.819553922242,1940.6129206250052
2020-10-29,87811.78543676881,1678.6084428111312,1786.5523145643992
2020-10-30,87639.40000657397,1616.8941570968457,1775.2795872916722
2020-10-31,87593.01457637915,1728.8941570968457,784.0037252227062
2020-11-01,88028.83604273606,1220.8079502002936,740.7864838433959
2020-11-02,88539.75750909295,1250.7579502002939,1870.0531505100626
2020-11-03,88189.51230878319,1520.4746168669606,1680.2198171767295
2020-11-04,88017.7671084734,1509.9746168669606,1645.2198171767295
2020-11-05,87904.02190816363,1530.9746168669606,1792.886483843396
2020-11-06,87852.15766023482,1741.0222359145791,1824.636483843396
2020-11-07,87817.79341230604,1790.2722359145791,817.9698171767292
2020-11-08,88324.4291643772,1324.6055692479126,798.9698171767292
2020-11-09,88653.06491644838,1118.8124203678076,1894.4722252451925
2020-11-10,88329.88948954412,1572.2058892500258,1837.0202050431722
2020-11-11,88203.43628486208,1710.5670003611367,934.5202050431719
2020-11-12,88580.98308018004,1312.0670003611372,1809.5202050431722
2020-11-13,88415.52987549802,1644.5670003611367,1878.6868717098387
2020-11-14,88269.24333748265,1732.4003336944702,853.6868717098386
2020-11-15,88635.45679946731,1219.9003336944706,762.1868717098387
2020-11-16,88941.17026145192,1067.233667027804,1975.220205043172
2020-11-17,88464.5170567699,1498.5670003611367,1860.220205043172
2020-11-18,88299.86385208784,1695.5670003611367,1685.220205043172
2020-11-19,88062.21064740581,1442.716335721906,1968.5125955197727
2020-11-20,87803.42285358919,1707.8683423730051,1699.7015907350842
2020-11-21,87748.36233249983,1643.1410696457324,813.9323599658532
2020-11-22,88128.1351447438,1196.4744029790659,740.701590735084
2020-11-23,88470.90795698781,1075.6695249302854,1890.0404673056685
2020-11-24,88192.79659649396,1531.4762766231395,1914.6041465509516
2020-11-25,87810.94860077997,1527.8582180204382,1838.2519717016835
2020-11-26,87338.26641040621,1365.5697813279317,667.7519717016829
2020-11-27,87591.08422003247,920.5697813279321,1078.501971701683
2020-11-28,88236.8186963254,1724.2364479945984,545.0495907493021
2020-11-29,88503.48174404688,815.2126384707892,424.54959074930207
2020-11-30,88663.14479176835,581.2126384707892,1854.3241953687132
2020-12-01,88146.62666605336,1331.2197060173432,1934.3821499141677
2020-12-02,87688.15399488379,1475.8740057716432,1717.9581634276813
2020-12-03,87607.4977651557,1563.5658489430878,1713.8335622681627
2020-12-04,87426.57615094024,1524.2559248306459,1966.546850327812
2020-12-05,87325.17311877168,1827.753830914342,810.5133445643952
2020-12-06,87655.54786438089,1140.8880901736018,708.3883445643953
2020-12-07,88077.54760999007,1130.3880901736015,2017.3883445643953
2020-12-08,87506.5473555993,1446.3880901736013,1889.8062550121565
2020-12-09,87184.68142956668,1567.9403289795716,1827.2729216788234
2020-12-10,86920.34883686744,1563.4403289795716,1899.7729216788234
2020-12-11,86711.0162441682,1690.4403289795714,1700.6062550121567
2020-12-12,86578.68365146895,1568.9403289795716,842.0586359645372
2020-12-13,86925.42248734114,1188.7974718367147,695.1836359645373
2020-12-14,87259.28632321331,1029.0474718367145,1901.6419692978711
2020-12-15,86783.52515908549,1429.8808051700478,1949.1419692978711
2020-12-16,86349.76399495767,1516.8808051700478,2637.64196929787
2020-12-17,85169.00283082984,1428.2776293984512,1935.4910673102813
2020-12-18,84833.80869879274,1598.3229092991492,1964.7042707734847
2020-12-19,84555.66326805433,1687.4963400350798,784.6751041068181
2020-12-20,85103.81783731593,1332.829673368413,756.7862152179295
2020-12-21,85573.97240657752,1226.1907844795242,2082.9107573424712
2020-12-22,85041.5312798684,1564.2196306333706,1933.681000257451
2020-12-23,84683.06991024435,1575.2196306333706,1754.9385760150265
2020-12-24,84280.44187395358,1352.3105397242796,1180.9385760150267
2020-12-25,84051.41383766283,951.9105397242796,526.2163537928046
2020-12-26,84340.38580137209,815.1883175020573,672.2163537928047
2020-12-27,84697.35776508135,1029.1883175020573,582.7163537928047
2020-12-28,85169.8297287906,1052.2358619116706,1725.3766586671052
2020-12-29,84930.86098727313,1474.8056444223757,910.031499936947
2020-12-30,85116.41614185958,1125.186654523386,911.6314999369466
2020-12-31,85316.97129644602,1112.186654523386,904.6314999369466
2021-01-01,85544.52645103246,1132.1866545233863,914.6314999369466
2021-01-02,85756.08160561888,1126.186654523386,904.6314999369466
2021-01-03,86201.63676020534,1129.7600240886034,284.6564545074659
2021-01-04,86370.1104802609,453.63017456303163,2571.5845151403005
2021-01-05,85678.72397887961,2027.074898181122,1792.9613995624109
2021-01-06,85512.46247749832,1624.7246915695519,1865.0371571381686
2021-01-07,85752.66722956055,2105.2419092004056,2067.24826824928
2021-01-08,85522.8719816228,1837.453020311517,2053.3982682492797
2021-01-09,85450.82673368504,1982.3030203115168,834.2573591583705
2021-01-10,85915.28148574725,1298.7121112206078,723.2918419169912
2021-01-11,86358.70175505089,1166.712111220608,2003.9585085836577
2021-01-12,86088.45535768784,1733.7121112206078,1995.4029530281023
2021-01-13,85965.63118254702,1872.5787778872746,1912.5399586778199
2021-01-14,85971.72932379038,1919.6211507686305,1927.1583230566307
2021-01-15,85935.37036932414,1892.294418095363,1973.6533725615811
2021-01-16,86235.34474819126,2273.1277514286967,900.04226145047
2021-01-17,86883.81912705838,1548.5166403175854,812.6089281171367
2021-01-18,87324.0935059255,1252.883306984252,893.1089281171367
2021-01-19,87647.53455145929,1216.5499736509187,2296.1327376409463
2021-01-20,87334.39821604067,1982.9964022223473,2433.9660709742802
2021-01-21,86708.26188062209,1808.3297355556808,2016.967494975528
2021-01-22,86350.1847072344,1876.7957936081152,1893.372966995797
2021-01-23,86355.1075338467,1898.2957936081152,836.7129669957967
2021-01-24,86887.11036045903,1369.2157936081153,817.8796336624634
2021-01-25,87227.44652040469,1158.2157936081153,2191.3796336624637
2021-01-26,86740.78268035034,1704.715793608115,1865.712966995797
2021-01-27,86756.82173884672,1881.752025492173,2028.5463003291302
2021-01-28,86497.48579734309,1769.2103588255063,1950.5924541752838
2021-01-29,86308.3581891728,1763.3686921588398,1906.4843955672252
2021-01-30,86310.9686762406,1909.0948826350304,827.4843955672253
2021-01-31,86834.5791633084,1351.0948826350304,740.4843955672253
2021-02-01,87267.68965037621,1173.5948826350304,2356.131454390755
2021-02-02,86677.1530786205,1767.1948826350304,1781.5777170761571
2021-02-03,86684.32484019811,1796.8802163586838,1962.2084547810753
2021-02-04,86846.4966017757,2123.880216358684,1637.0417881144087
2021-02-05,86896.50169668665,1682.3802163586838,1937.9306770032968
2021-02-06,86860.04845826425,1901.477438580906,884.0806770032971
2021-02-07,87376.34521984188,1400.3774385809058,801.0806770032971
2021-02-08,87718.64198141948,1143.3774385809058,2239.0461942446764
2021-02-09,87312.47322575569,1832.877438580906,1951.6271466256285
2021-02-10,87120.19256533004,1759.3464861999535,1971.7938132922952
2021-02-11,86925.77857157102,1777.3798195332868,1759.9049244034063
2021-02-12,86738.58680003423,1573.602041755509,1741.7223847208666
2021-02-13,86814.32359992602,1817.4591846126518,790.8762308747131
2021-02-14,87259.10655366395,1235.6591846126519,818.2095642080465
2021-02-15,87385.8895074019,944.9925179459854,905.7095642080462
2021-02-16,87453.45817542556,974.2782322316996,1497.0642440110016
2021-02-17,87299.42093211916,1340.0270007046058,1583.0279838484
2021-02-18,87177.78564003228,1466.3926917615163,1635.526758358204
2021-02-19,87007.58907343558,1459.3301917615165,2062.3600916915375
2021-02-20,86971.72584017224,2025.6079695392943,779.6934250248709
2021-02-21,87576.1070513533,1384.074636205961,801.6934250248709
2021-02-22,88033.48826253442,1253.6000889977302,2153.619835198843
2021-02-23,87883.54012352081,2003.6716961852414,2144.814279643287
2021-02-24,87761.3919845072,2023.5411406296857,2296.2511844051924
2021-02-25,87650.70098835074,2185.4237827187794,2115.203400415869
2021-02-26,87625.87182896494,2090.3742410300783,2168.049554262023
2021-02-27,87622.19651573301,2164.3742410300783,946.4341696466386
2021-02-28,88141.44427942416,1468.6242410300786,870.3764773389464
2021-03-01,88564.69204311527,1293.6242410300786,2899.1379152474433
2021-03-02,87873.35006321667,2298.2011641070017,2189.5431440056127
2021-03-03,87712.00808331804,2026.4511641070014,2332.6324297198985
2021-03-04,87605.8089605623,2226.4333069641443,2414.206666145238
2021-03-05,87143.82208328166,2142.7954393170858,2264.297468112878
2021-03-06,86991.80490297072,2112.446954468601,995.4641347795448
2021-03-07,87538.78772265976,1542.4469544686008,799.4641347795449
2021-03-08,88120.77054234881,1381.4469544686008,2373.4641347795446
2021-03-09,87724.92002870455,1977.6136211352673,2885.6809715142385
2021-03-10,87474.76339261128,2635.524335420982,1384.4101381809053
2021-03-11,87492.85675651803,1402.5035020876485,2343.0919563627235
2021-03-12,87360.26830224297,2208.523910250914,2090.1068615117747
2021-03-13,87310.63716504106,2040.2658477666607,1064.4343358787974
2021-03-14,87811.73494602287,1560.6571168606133,971.7725176969791
2021-03-15,88114.47580392775,1274.5133756018722,2390.522517696979
2021-03-16,87539.46666183267,1815.5133756018722,2180.965699515161
2021-03-17,87341.19615610118,1982.6951937836905,2318.0634006645864
2021-03-18,86941.58513312833,1915.3501049644635,2237.148627937314
2021-03-19,86709.7828222767,2005.3463170856758,2047.8594217758425
2021-03-20,86756.84142776084,2094.9180272599883,980.5833023728575
2021-03-21,87282.97466011066,1504.049868056008,807.7597729610928
2021-03-22,87866.10789246048,1393.7165347226746,2396.318150857706
2021-03-23,87440.29415511334,1970.5044135105534,2127.068150857706
2021-03-24,87343.73041776617,2030.5044135105534,2184.9431508577063
2021-03-25,87221.291680419,2062.5044135105536,2209.6249690395243
2021-03-26,86970.06127640519,1958.3945650257049,2167.0833023728574
2021-03-27,86907.08087239137,2105.102898359038,950.5833023728576
2021-03-28,87529.10046837754,1572.6028983590381,925.0833023728576
2021-03-29,87944.12006436374,1340.1028983590381,2364.0833023728574
2021-03-30,87497.13966034992,1916.1082175079744,2230.0076126622203
2021-03-31,87379.8154252026,2112.6833775148934,2189.0076126622203
2021-04-01,87173.49119005525,1982.6833775148937,2449.79761266222
2021-04-02,86759.20862157462,2093.7250441815604,1772.9361840907916
2021-04-03,86923.5927197606,1937.3202822767985,942.6861840907917
2021-04-04,87426.47681794662,1445.5702822767985,845.6861840907916
2021-04-05,87977.36091613262,1396.5702822767985,2350.186184090792
2021-04-06,87730.24501431864,2103.0702822767985,2437.1861840907914
2021-04-07,87475.12911250464,2177.3643999238575,2447.6861840907914
2021-04-08,87258.01321069065,2230.5702822767985,2345.902850757458
2021-04-09,87135.42588030524,2231.09885370537,2226.2576126622203
2021-04-10,87157.50521658648,2248.3369489434654,1009.75761266222
2021-04-11,87561.58455286773,1413.8369489434651,887.6147555193631
2021-04-12,88134.09246057752,1460.1226632291794,2405.6147555193625
2021-04-13,87656.93370162068,1928.4559965625128,2402.614755519363
2021-04-14,87422.77494266383,2166.789329895846,2187.614755519363
2021-04-15,87305.57451704032,2070.4143298958456,2310.614755519363
2021-04-16,87089.3740914168,2094.414329895846,2130.6823937262375
2021-04-17,86716.91657724587,2104.4538515178956,922.6613656888546
2021-04-18,87266.33406307489,1472.9538515178958,888.6792228317117
2021-04-19,87767.32297747537,1389.6681372321816,2431.773562454353
2021-04-20,87329.31189187581,1997.6873680014123,2161.8522997547884
2021-04-21,87282.37772935322,2114.9181372321814,2188.4237283262173
2021-04-22,87134.58642397347,2041.48956580361,2315.58087118336
2021-04-23,86813.6701185937,1994.66456580361,2009.58087118336
2021-04-24,86927.75381321396,2123.66456580361,968.58087118336
2021-04-25,87378.33750783422,1417.41456580361,887.0558711833601
2021-04-26,87792.04620245448,1303.16456580361,2485.313014040503
2021-04-27,87312.969182789,2004.456827708372,2378.2282918182805
2021-04-28,87218.14216312353,2280.829843581388,2362.5571671982198
2021-04-29,86959.17228631521,2106.5745244324517,2339.6723379169975
2021-04-30,86706.96860791175,2101.8505394682343,2263.535573803901
2021-05-01,86657.7903532371,2216.8488445529797,904.02709922763
2021-05-02,87287.61209856246,1533.8488445529797,892.02709922763
2021-05-03,87812.4338438878,1416.8488445529797,2529.669956370487
2021-05-04,87336.15241460998,2051.888527092662,2272.65526319849
2021-05-05,87194.73615387148,2137.0402124859206,2231.009104803367
2021-05-06,87169.13568260668,2205.4086335385523,2266.5646603589225
2021-05-07,87091.53521134186,2188.964189094108,2061.0646603589225
2021-05-08,87275.18474007702,2244.714189094108,986.8646603589224
2021-05-09,87872.23426881223,1583.914189094108,922.3646603589226
2021-05-10,88233.28379754741,1283.414189094108,2584.3646603589223
2021-05-11,87668.33332628259,2019.414189094108,2274.3646603589223
2021-05-12,87544.38285501777,2150.4141890941078,2262.3646603589223
2021-05-13,87452.32127264186,2170.303077982997,2216.5646603589225
2021-05-14,87490.35969026593,2253.745935125854,2318.5646603589225
2021-05-15,87500.39810789001,2329.6030779829966,1039.3979936922556
2021-05-16,87970.68652551407,1508.6864113163304,948.3979936922559
2021-05-17,88476.97494313814,1452.8402574701765,2610.564660358923
2021-05-18,88080.76336076223,2215.68641131633,2302.231327025589
2021-05-19,87965.88511171963,2187.3530779829966,2385.731327025589
2021-05-20,87853.1735293437,2271.68641131633,2383.6964063906685
2021-05-21,87365.96194696777,2196.0197446496636,2168.8771603589225
2021-05-22,87456.35453125853,2258.2697446496636,950.3771603589224
2021-05-23,88173.58044888258,1667.6030779829969,1002.8771603589224
2021-05-24,88615.30636650666,1444.603077982997,2454.324528779975
2021-05-25,88331.21649465704,2170.234656930365,2363.324528779975
2021-05-26,88240.12662280747,2272.234656930365,2426.9421758387984
2021-05-27,87984.47792742842,2171.2934804597767,2374.4421758387984
2021-05-28,87806.82923204941,2197.2934804597767,2237.9421758387984
2021-05-29,87798.18053667038,2226.62681379311,932.9421758387986
2021-05-30,88588.86517462469,1723.6268137931102,1000.7421758387987
2021-05-31,89089.549812579,1504.6268137931104,1118.4421758387984
2021-06-01,89454.73445053332,1484.1268137931104,2873.942175838799
2021-06-02,88948.58575515429,2367.7934804597767,2622.275509172132
2021-06-03,88612.2703931086,2285.9601471264436,2551.2755091721315
2021-06-04,88451.95503106294,2389.3601471264437,2464.1921758387984
2021-06-05,88325.47300235055,2349.9601471264436,979.1088425054653
2021-06-06,89045.15764030487,1697.793480459777,1004.2963425054653
2021-06-07,89453.9047782592,1414.0434804597771,2388.7835219926446
2021-06-08,89295.31858288018,2212.197326613623,2447.3541970981296
2021-06-09,89026.31466598215,2335.3629384279693,2549.3668553259786
2021-06-10,88843.81074908415,2366.8629384279693,2404.366855325978
2021-06-11,88827.80683218615,2380.161680566334,2120.0335219926446
2021-06-12,88920.30291528812,2201.043493983525,992.9992082671546
2021-06-13,89518.81615525288,1591.5124482318906,1157.9992082671545
2021-06-14,89889.8293952176,1526.0124482318906,2446.2380590905705
2021-06-15,89739.47822840269,2231.7606337722445,2298.3406668003213
2021-06-16,89683.79429514786,2247.573400212154,2362.957333466988
2021-06-17,89526.610361893,2207.573400212154,2540.4644437083452
2021-06-18,89380.95284742487,2395.8049722930414,1971.9624867611824
2021-06-19,89501.79533295672,2092.804972293041,1314.9624867611826
2021-06-20,90182.13781848858,1995.3049722930411,949.586418385114
2021-06-21,90639.03585957598,1406.484459472528,2523.5864183851145
2021-06-22,90307.93390066341,2192.4844594725287,3081.5864183851145
2021-06-23,89941.83194175083,2713.488835840143,2261.586418385114
2021-06-24,90230.72998283822,2192.027316615385,2401.253085051781
2021-06-25,90065.62802392566,2236.1511261391947,2249.753085051781
2021-06-26,90200.19273167974,2382.5177928058615,964.503085051781
2021-06-27,90852.92410610049,1618.984459472528,984.9197517184474
2021-06-28,91383.65548052122,1515.1511261391947,2849.4197517184475
2021-06-29,90805.38685494199,2271.1511261391947,2994.4197517184475
2021-06-30,90779.45156269606,2968.4844594725287,2397.086418385114
2021-07-01,90620.01627045016,2236.8177928058617,2749.5864183851145
2021-07-02,90137.91431153756,2267.4844594725287,2401.253085051781
2021-07-03,90039.81235262495,2303.1511261391947,1088.2530850517808
2021-07-04,90664.71039371239,1711.4011261391945,1046.475307274003
2021-07-05,91168.1084347998,1551.651126139195,1064.586418385114
2021-07-06,91636.5064758872,1532.984459472528,2601.0864183851145
2021-07-07,91336.40451697462,2300.9844594725287,2476.586418385114
2021-07-08,91121.80255806203,2261.9844594725278,2567.3086406073367
2021-07-09,90841.64504359389,2287.1511261391947,2283.4753072740036
2021-07-10,90936.98752912576,2379.4844594725287,956.1419739406698
2021-07-11,91622.33001465762,1641.4844594725284,1069.1419739406697
2021-07-12,91944.67250018947,1391.4844594725284,2374.975307274003
2021-07-13,91700.681652388,2129.2066816947504,2405.975307274003
2021-07-14,91756.69080458651,2462.9844594725287,2548.475307274003
2021-07-15,91358.19995678504,2148.984459472528,2555.2086406073363
2021-07-16,91082.5424423169,2281.1511261391947,2173.3995496982457
2021-07-17,91273.3394733033,2364.1965806846497,975.3995496982457
2021-07-18,91922.13650428971,1624.1965806846495,1017.8995496982454
2021-07-19,92239.43353527613,1335.1965806846495,2425.1495496982457
2021-07-20,91944.48056626253,2129.346580684649,2510.121771920468
2021-07-21,91888.02759724892,2455.9465806846497,2364.566216364912
2021-07-22,91629.241294902,2105.7799140179827,2274.566216364912
2021-07-23,91540.45499255507,2185.7799140179827,2123.316216364912
2021-07-24,91675.91869020811,2258.7799140179827,978.611088159784
2021-07-25,92281.79264427145,1584.485042223111,966.111088159784
2021-07-26,92668.66659833478,1352.985042223111,2372.2777548264503
2021-07-27,92346.70721906479,2050.318375556444,2323.5277548264507
2021-07-28,92232.74783979477,2209.568375556444,2258.6944214931173
2021-07-29,92128.62179385811,2152.123931112,2296.0144214931174
2021-07-30,92002.66241458809,2175.4950422231104,2331.4544214931175
2021-07-31,91956.20303531809,2284.995042223111,1055.7877548264505
2021-08-01,92927.41032271476,1725.7789039096003,1081.1877075528082
2021-08-02,93354.44904206126,1508.2264268992978,2564.187707552808
2021-08-03,92948.48776140771,2156.6264268992973,3357.6877075528087
2021-08-04,92498.52648075421,2906.241792370271,2443.5464155547556
2021-08-05,92430.18896247694,2374.7088972774827,2610.146415554756
2021-08-06,92259.60144419967,2440.4588972774827,2321.0464155547556
2021-08-07,92400.0139259224,2459.2088972774827,1142.0464155547556
2021-08-08,92946.42640764514,1689.958897277483,1150.5464155547556
2021-08-09,93229.83888936786,1432.9588972774834,2697.2130822214226
2021-08-10,92680.25137109058,2149.4588972774827,2536.3797488880896
2021-08-11,92435.99718614663,2292.792230610816,2482.0464155547556
2021-08-12,92203.74300120272,2249.792230610816,2412.0464155547556
2021-08-13,92043.98881625877,2251.6255639441497,2379.0464155547556
2021-08-14,92080.9012979815,2415.9588972774827,1005.046415554756
2021-08-15,92708.81377970423,1632.0588972774833,1114.0464155547556
2021-08-16,92987.72626142696,1392.9588972774834,2735.0464155547556
2021-08-17,92278.13874314967,2025.458897277483,2328.0464155547556
2021-08-18,92185.55122487238,2235.4588972774827,2424.4214155547556
2021-08-19,91966.21370659511,2204.9973588159446,2251.6682104265506
2021-08-20,91803.79926524093,2089.2537690723548,2118.6682104265506
2021-08-21,91941.88482388672,2254.9204357390213,970.6682104265508
2021-08-22,92525.47038253254,1554.2537690723548,967.6682104265507
2021-08-23,92879.55594117835,1322.4604357390215,3234.746479880674
2021-08-24,92376.0948970367,2731.2854357390215,2570.746479880674
2021-08-25,92357.63385289506,2552.2854357390215,2287.079813214007
2021-08-26,92285.39503097562,2201.0165293629116,2360.5458207469637
2021-08-27,92224.90882430668,2300.0596140780253,2271.879154080297
2021-08-28,92339.25595097107,2384.5596140780244,1030.6648683660114
2021-08-29,93108.60307763546,1798.7944625628734,1001.4295493372142
2021-08-30,93513.07174580183,1406.2098117064838,2626.5744768734457
2021-08-31,92998.20708063486,2111.709811706484,2593.374476873446
2021-09-01,92572.84241546791,2168.0098117064836,2705.517887726159
2021-09-02,92119.86534720016,2253.374152791755,2428.021641479913
2021-09-03,91874.16680746096,2193.306585224187,2238.171791630063
2021-09-04,92083.24604549952,2445.536743954346,1088.0661005731527
2021-09-05,92750.84967378201,1757.33639552229,1056.7327672398192
2021-09-06,93243.45330206447,1549.33639552229,1075.7327672398192
2021-09-07,93708.55693034694,1540.0030621889566,2779.732767239819
2021-09-08,93137.49389196276,2208.6697288556234,2596.732767239819
2021-09-09,92777.43085357855,2236.6697288556234,2509.1151201809953
2021-09-10,92553.80899166495,2283.8265916007213,2409.5151201809954
2021-09-11,92543.18712975134,2400.4932582673882,1025.1151201809957
2021-09-12,93149.56526783774,1631.4932582673882,1130.7817868476623
2021-09-13,93527.77673925746,1508.9932582673882,2656.7817868476623
2021-09-14,93152.98821067718,2281.9932582673882,2509.4369592614553
2021-09-15,92932.96979703943,2287.01854562371,2449.436959261455
2021-09-16,92607.9513834017,2126.41854562371,2492.436959261455
2021-09-17,92492.21868404964,2376.704259909424,2206.436959261455
2021-09-18,92644.81931803095,2357.7042599094243,1056.1036259281223
2021-09-19,93266.58661867894,1679.5375932427573,1176.2702925947888
2021-09-20,93553.8539193269,1463.5375932427573,2603.7702925947888
2021-09-21,93120.45455330818,2170.370926576091,2445.2702925947883
2021-09-22,92948.5551872895,2273.370926576091,2435.7702925947883
2021-09-23,92692.65582127082,2179.870926576091,2381.7702925947883
2021-09-24,92492.13740763307,2179.5852122903766,2072.8814037058996
2021-09-25,92744.95232732866,2327.585212290376,930.2702925947889
2021-09-26,93404.26724702425,1589.5852122903764,1052.2702925947888
2021-09-27,93761.58216671985,1409.5852122903764,2541.7702925947888
2021-09-28,93399.3137530821,2179.501878957043,2361.0202925947883
2021-09-29,93334.04533944433,2295.751878957043,2240.7774354519315
2021-09-30,93327.64835437802,2234.380450385615,2357.7774354519315
2021-10-01,93201.25136931169,2231.380450385615,2434.2774354519315
2021-10-02,93197.60438424538,2430.630450385615,1045.027435451932
2021-10-03,93722.29073251241,1569.713783718948,1080.027435451932
2021-10-04,94022.97708077941,1380.713783718948,2445.627435451931
2021-10-05,93669.86342904643,2092.513783718948,2384.377435451931
2021-10-06,93575.66644398012,2290.1804503856147,2404.3774354519314
2021-10-07,93470.4694589138,2299.1804503856147,2503.1774354519316
2021-10-08,93185.0724738475,2217.780450385615,2175.844102118598
2021-10-09,93369.0088221145,2359.780450385615,1001.0941021185985
2021-10-10,93996.69517038151,1628.7804503856146,1090.0941021185981
2021-10-11,94213.38151864854,1306.7804503856146,2002.4274354519314
2021-10-12,94046.73453358222,1833.891561496726,2482.984578309074
2021-10-13,94119.35897708735,2552.697257108304,2414.423243430295
2021-10-14,93855.86736727458,2152.598300284195,2269.1007435506667
2021-10-15,93887.04302598702,2271.3850164953155,2180.8768465925964
2021-10-16,93915.87032441808,2209.7041450236798,914.3768465925966
2021-10-17,94454.19762284918,1452.7041450236795,1026.3768465925966
2021-10-18,94724.52492128024,1296.7041450236795,2545.9125608783106
2021-10-19,94369.44150542561,2189.162478357013,2330.2458942116436
2021-10-20,94263.35808957099,2225.8291450236798,2393.198275164025
2021-10-21,94004.95065715321,2226.6479856033898,1912.795497386247
2021-10-22,94063.82893902113,1993.076557031961,1882.1982751640248
2021-10-23,94195.70722088907,1998.576557031961,977.6982751640251
2021-10-24,94829.58550275704,1612.076557031961,1087.198275164025
2021-10-25,95111.46378462494,1367.4098903652946,2714.331608497358
2021-10-26,94594.3420664929,2199.0765570319613,2504.674465640215
2021-10-27,94362.48225312273,2273.4813189367233,2462.341132306882
2021-10-28,94140.62243975257,2240.4813189367233,3689.841132306882
2021-10-29,93968.51262638242,3518.4813189367237,1993.091132306882
2021-10-30,94125.90281301226,2150.4813189367233,944.0911323068822
2021-10-31,94763.29299964212,1581.4813189367233,1257.0911323068822
2021-11-01,94919.93318627196,1412.9813189367233,2814.341132306882
2021-11-02,94425.82337290178,2320.2313189367233,2476.3411323068817
2021-11-03,94265.71355953164,2316.2313189367233,2592.341132306882
2021-11-04,94028.10374616146,2355.2313189367233,2539.0411323068815
2021-11-05,93831.59393279131,2342.5313189367234,2344.541132306882
2021-11-06,94054.58411942115,2567.5313189367234,1088.2911323068822
2021-11-07,94682.824306051,1716.5313189367232,1116.2911323068822
2021-11-08,94905.06449268082,1338.5313189367232,2880.791132306882
2021-11-09,94360.55467931068,2333.4813189367233,2611.841132306882
2021-11-10,94137.9448659405,2391.4813189367233,3173.341132306882
2021-11-11,93893.58505257034,2928.9813189367233,470.841132306882
2021-11-12,94374.7252392002,951.9813189367231,2361.341132306882
2021-11-13,94328.36542583002,2315.3146522700563,1011.2797287981102
2021-11-14,94904.00561245989,1588.8146522700565,1017.1744656402154
2021-11-15,95196.14579908972,1308.6479856033895,2793.85726133914
2021-11-16,94600.93114700988,2204.449060872207,2721.6637129520436
2021-11-17,94221.71649493005,2342.449060872207,2599.6637129520436
2021-11-18,93957.50184285021,2336.7823942055406,2590.6637129520436
2021-11-19,93719.28719077037,2353.615727538874,2401.4970462853767
2021-11-20,93759.07253869054,2441.78239420554,1040.1637129520434
2021-11-21,94344.3578866107,1624.9490608722072,1424.7778462853767
2021-11-22,94321.86416786419,1402.2841275388737,2870.2540367615675
2021-11-23,93459.58473483198,2007.97460372935,2775.698481206012
2021-11-24,92808.08307957754,2124.196825951572,2477.781814539345
2021-11-25,92283.49809098976,1953.1968259515722,748.7818145393451
2021-11-26,92675.32976906866,1140.6134926182388,941.7818145393451
2021-11-27,93304.16144714755,1570.6134926182388,850.1151478726784
2021-11-28,93924.32645855976,1470.946825951572,1086.531814539345
2021-11-29,94222.07480330535,1385.2801592849055,2764.8413383488687
2021-11-30,93542.32314805088,2157.4706354753816,2542.722290729821
2021-12-01,93362.73815946314,2363.137302142048,2469.972290729821
2021-12-02,93156.55317087534,2260.9451968788903,2501.099274856805
2021-12-03,93198.51897593838,2544.565079919826,2236.099274856805
2021-12-04,93546.9847810014,2583.565079919826,1059.765941523472
2021-12-05,94139.95058606443,1654.065079919826,1294.9326081901386
2021-12-06,94332.74972446077,1487.7317465864926,2831.9326081901386
2021-12-07,93622.54886285712,2135.2317465864926,2660.4326081901386
2021-12-08,93300.34800125349,2338.8984132531596,2454.4980843806147
2021-12-09,93235.0638063165,2389.2138894436357,2423.518017935432
2021-12-10,93071.7862558978,2268.890522887711,1864.8185643520558
2021-12-11,93227.32788514403,2055.8359301667406,821.6276342538471
2021-12-12,93865.03618105692,1459.3359301667404,1223.9609675871802
2021-12-13,94117.24447696979,1465.6692635000736,2680.9609675871807
2021-12-14,93485.28610621601,2048.002596833407,2779.6276342538467
2021-12-15,93193.1610687956,2488.002596833407,2397.4371580633706
2021-12-16,93001.03603137514,2204.0433034386297,2815.652090830723
2021-12-17,92451.51940316794,2266.133779121848,2284.983740662373
2021-12-18,92429.33610829411,2261.8004457885145,826.1504073290395
2021-12-19,92808.15281342024,1201.9798784126274,1345.2591543739566
2021-12-20,92998.30285187972,1537.186970611209,2971.8702654850676
2021-12-21,92040.40527129157,2014.4726848969237,3078.654748243688
2021-12-22,91172.60769070343,2211.3226848969234,1945.1202654850676
2021-12-23,90750.64344344861,1523.156018230257,1744.6202654850679
2021-12-24,90554.17919619381,1548.156018230257,997.6202654850676
2021-12-25,90773.71494893898,1217.1560182302567,625.6202654850676
2021-12-26,91139.91736835084,992.48935156359,1040.2869321517344
2021-12-27,91591.11978776271,1491.98935156359,1959.5369321517346
2021-12-28,91379.32220717455,1745.9615737858126,1890.504103868906
2021-12-29,91392.86806092985,1906.0398566140952,1986.1093874741898
2021-12-30,91316.83699160822,1911.0783181525567,1560.6093874741898
2021-12-31,91606.30592228657,1849.0783181525567,858.270498585301
2022-01-01,92394.04151963163,1644.9227625970009,914.7427208075231
2022-01-02,92793.27711697666,1315.8949848192233,1095.9927208075233
2022-01-03,93120.17938098835,1422.8949848192233,2261.9927208075233
2022-01-04,92732.58164500007,1874.3949848192237,2204.1593874741898
2022-01-05,92665.98390901175,2137.5616514858903,2018.2760541408563
2022-01-06,92654.1195063568,2006.4116514858902,2135.442720807523
2022-01-07,92370.08843703514,1852.2449848192236,1692.7284350932375
2022-01-08,92857.83117723734,2180.471175295414,550.7284350932373
2022-01-09,93300.0739174395,992.0822864065248,863.8126456195531
2022-01-10,93619.51841202764,1184.8571402076943,2368.745978952886
2022-01-11,93244.46290661578,1993.690473541028,2180.828404304999
2022-01-12,93082.16956458423,2023.5262594565208,2316.3196014880978
2022-01-13,92975.5428892193,2209.692926123187,2225.4862681547647
2022-01-14,92794.74954718772,2043.0929261231875,2147.719601488098
2022-01-15,92978.62287182282,2333.1929261231876,834.3426103376553
2022-01-16,93408.99619645788,1277.6929261231874,825.3196014880978
2022-01-17,93523.36952109299,939.6929261231874,946.9862681547644
2022-01-18,93808.07617906142,1231.6929261231871,2216.4862681547647
2022-01-19,93446.28283702982,1852.127408881808,2254.8196014880978
2022-01-20,93369.98949499827,2179.859592789854,2117.6529348214317
2022-01-21,93296.1961529667,2043.8595927898539,1898.9529348214314
2022-01-22,93503.58614426844,2127.9262594565207,841.8696014880977
2022-01-23,94103.97613557019,1443.2595927898537,984.8696014880977
2022-01-24,94372.36612687193,1252.259592789854,2322.202934821431
2022-01-25,93971.75611817371,1921.3429261231872,2127.202934821431
2022-01-26,93877.64610947548,2033.0929261231872,2319.902934821431
2022-01-27,93659.43610077721,2169.192926123187,2163.402934821431
2022-01-28,93626.22609207897,2130.192926123187,1943.0996766760675
2022-01-29,93876.29051947095,2193.1641040680497,898.8996766760677
2022-01-30,94555.15494686294,1576.0974374013829,1045.8996766760677
2022-01-31,94704.51937425493,1269.7641040680496,2502.9830100094005
2022-02-01,94238.66157942469,2040.6529929569385,2468.5107877871783
2022-02-02,94151.30378459443,2362.819659623605,2195.0941211205118
2022-02-03,93926.56265643088,1971.1529929569385,1861.5941211205125
2022-02-04,93888.02152826732,1823.0529929569386,1613.5941211205125
2022-02-05,94309.48040010371,2035.0529929569384,900.0941211205121
2022-02-06,95060.93927194015,1651.5529929569384,1089.5941211205122
2022-02-07,95280.89814377658,1309.5529929569382,2588.9607877871786
2022-02-08,95060.82368227969,2367.136326290272,2435.9607877871786
2022-02-09,94974.74922078277,2351.3863262902723,2463.8496766760672
2022-02-10,94926.49698150807,2414.76410406805,2336.183010009401
2022-02-11,95007.57807556672,2417.26410406805,2117.9163772327693
2022-02-12,95311.17630596935,2438.9803849049536,1046.8821545023197
2022-02-13,95843.27453637199,1578.9803849049529,1206.8821545023197
2022-02-14,95995.3727667746,1359.980384904953,2549.5876339543743
2022-02-15,95564.36643096722,2137.5630333067793,2590.069369114192
2022-02-16,95388.86009515979,2414.5630333067797,2370.569369114192
2022-02-17,95486.8537593524,2470.0630333067797,2302.569369114192
2022-02-18,95286.34742354498,2100.5630333067793,2315.0693691141923
2022-02-19,95422.34108773754,2452.5630333067797,1054.5693691141919
2022-02-20,96048.33475193015,1679.5630333067795,1111.7360357808586
2022-02-21,96444.82841612273,1509.5630333067795,1493.061706278943
2022-02-22,96527.47725272912,1658.5515390539058,2929.902702447525
2022-02-23,95925.12608933549,2326.2182057205728,2431.7360357808584
2022-02-24,95686.94159260855,2193.551539053906,2489.5693691141914
2022-02-25,95313.75709588159,2117.2182057205728,2350.0455595903823
2022-02-26,95393.07259915464,2429.5515390539063,1000.4027024475254
2022-02-27,96076.72143576102,1684.7182057205725,1215.5693691141919
2022-02-28,96206.8702723674,1345.7182057205725,2918.2360357808584
2022-03-01,95600.0191089738,2310.051539053906,2410.2360357808584
2022-03-02,95647.66794558016,2458.5515390539063,2483.5785772173226
2022-03-03,95486.65103633018,2376.2633254259135,2555.6135680092193
2022-03-04,95474.13412708021,2542.239515902104,2275.31356800922
2022-03-05,95949.11721783022,2748.846658759247,1095.2307201127794
2022-03-06,96580.88898171944,1728.000542254392,1281.7287783652068
2022-03-07,96801.16074560862,1503.000542254392,2865.7287783652064
2022-03-08,96107.4325094978,2170.667208921059,2468.7287783652064
2022-03-09,95915.68046386317,2276.710066063916,2620.56211169854
2022-03-10,95645.42841822855,2350.3100660639166,2397.3116205394044
2022-03-11,95414.3708716116,2293.004565081598,2249.5691319793514
2022-03-12,95518.14665832801,2362.3378984149313,1001.3954450318734
2022-03-13,95988.92244504437,1475.8378984149308,1172.5621116985399
2022-03-14,96192.19823176078,1375.837898414931,2853.5621116985394
2022-03-15,95626.47401847717,2287.837898414931,2516.56211169854
2022-03-16,95475.6069480507,2366.1950412720735,2559.56211169854
2022-03-17,95530.73987762426,2614.195041272074,2558.06211169854
2022-03-18,95440.03947386445,2468.8617079387404,2317.0621116985403
2022-03-19,95557.33907010463,2434.3617079387404,1045.5621116985399
2022-03-20,96200.13866634485,1688.3617079387404,1135.5621116985399
2022-03-21,96455.2715959184,1390.6950412720737,2984.06211169854
2022-03-22,96042.90452549189,2571.6950412720744,2596.06211169854
2022-03-23,95785.53745506544,2338.6950412720744,2515.06211169854
2022-03-24,95619.67038463897,2347.361707938741,2641.5923536340238
2022-03-25,95383.81944324476,2422.211170304332,2244.0621116985403
2022-03-26,95602.46850185056,2462.711170304332,2956.56211169854
2022-03-27,94319.61756045635,1673.7111703043322,1298.5621116985403
2022-03-28,94435.76661906214,1412.4611703043317,2618.06211169854
2022-03-29,94022.40064007395,2204.6961327103472,2189.2287783652064
2022-03-30,93974.03466108575,2142.1961327103472,2348.56211169854
2022-03-31,93821.66868209754,2196.1961327103472,2600.06211169854
2022-04-01,93626.3027031094,2403.362799377014,2524.06211169854
2022-04-02,93640.43672412117,2539.1961327103472,1011.06211169854
2022-04-03,94187.570745133,1556.696132710347,1014.56211169854
2022-04-04,94649.2047661448,1478.696132710347,2797.1163974128253
2022-04-05,94128.37688239469,2277.786608900823,2476.6144926509205
2022-04-06,94021.21566531126,2369.4532755674895,2697.614492650921
2022-04-07,93838.55444822785,2514.9532755674895,2393.6144926509205
2022-04-08,93607.89323114441,2162.95327556749,2357.3394926509204
2022-04-09,93695.09034739429,2443.144942234157,912.7811593175876
2022-04-10,94265.7874636442,1486.811608900823,1134.1144926509207
2022-04-11,94574.81791322744,1443.8116089008233,2694.4954450318733
2022-04-12,94079.06264852494,2196.7401803293947,2544.273222809651
2022-04-13,93974.58516160026,2439.129069218284,2375.909714037721
2022-04-14,93717.704867658,2120.027314832318,2433.907608774563
2022-04-15,93590.82457371578,2309.527314832318,1809.4391877219316
2022-04-16,93919.60252538756,2143.2066130779326,1043.4286614061423
2022-04-17,94409.88047705936,1533.7066130779322,873.9286614061423
2022-04-18,94767.65842873116,1229.1566130779327,2504.7863502141495
2022-04-19,94301.07438464921,2092.7416449250663,2561.3971175784195
2022-04-20,94219.41891199585,2480.5987877822095,2602.8542604355625
2022-04-21,93778.96343934252,2161.732121115542,2572.409815991118
2022-04-22,93600.39685557804,2391.1765655599866,2027.993149324452
2022-04-23,94091.08027181358,2519.426565559987,984.243149324452
2022-04-24,94579.76368804913,1474.4265655599868,1234.243149324452
2022-04-25,94850.94710428463,1502.712279845701,3157.1431493244513
2022-04-26,94232.93052052021,2538.0194227028437,2265.2145778958807
2022-04-27,94224.73536532716,2259.0194227028437,2567.381244562547
2022-04-28,93997.20687680076,2339.852756036177,2576.3812445625467
2022-04-29,93682.84505494109,2259.0194227028437,2389.081244562547
2022-04-30,93963.18323308138,2669.719422702844,949.0350907163933
2022-05-01,94501.02141122168,1488.7194227028438,1095.8812445625472
2022-05-02,94841.69292269529,1436.5527560361772,2812.881244562547
2022-05-03,94167.03110083561,2138.219422702844,2360.381244562547
2022-05-04,94189.8692789759,2383.219422702844,2701.131244562547
2022-05-05,93904.75745711621,2416.6860893695107,2568.7979112292132
2022-05-06,93833.47896858981,2497.519422702844,2126.297911229214
2022-05-07,93884.20048006346,2177.0194227028437,1038.1312445625472
2022-05-08,94562.4219915371,1715.6027560361772,1129.5062445625472
2022-05-09,94829.01850301072,1396.1027560361772,2763.006244562547
2022-05-10,94258.4483478177,2193.9360893695107,2589.006244562547
2022-05-11,94110.37819262464,2441.4360893695102,2315.5232786306833
2022-05-12,93997.26595326328,2205.405027245262,2412.017266606635
2022-05-13,93767.32038056856,2180.225540065775,2167.024008179669
2022-05-14,94052.38604382894,2454.0851770579957,975.5195137976465
2022-05-15,94742.45170708926,1663.9185103913294,1076.5195137976466
2022-05-16,95163.51737034961,1498.5851770579964,2599.894513797646
2022-05-17,94864.45803360993,2299.8351770579966,2506.7123432550106
2022-05-18,94726.21265035868,2369.843704189779,2485.6930746818866
2022-05-19,94394.26124637376,2155.9059450191253,2597.0587878529764
2022-05-20,94122.34101744875,2370.721292740948,2056.641521665926
2022-05-21,94455.1707885238,2394.0546260742813,985.7248549992596
2022-05-22,94993.66722626548,1528.7212927409478,1196.7248549992596
2022-05-23,95326.6636640072,1529.7212927409478,2852.2248549992587
2022-05-24,94649.66010174884,2183.721292740948,2410.724854999259
2022-05-25,94438.65653949055,2198.221292740948,2371.842502058083
2022-05-26,94238.65297723224,2173.721292740948,2433.224854999259
2022-05-27,93992.64941497392,2187.221292740948,2208.2248549992596
2022-05-28,94176.14585271564,2391.721292740948,927.7248549992596
2022-05-29,94820.64229045731,1572.2212927409478,1102.7248549992598
2022-05-30,95165.638728199,1447.7212927409478,1063.0581883325929
2022-05-31,95619.96849927402,1518.0546260742813,3215.2248549992587
2022-06-01,95211.29827034904,2801.971292740948,2749.474854999259
2022-06-02,94812.37804142405,2350.5546260742813,2697.974854999259
2022-06-03,94501.79114583241,2390.721292740948,2298.308188332593
2022-06-04,94662.20425024077,2458.721292740948,969.1415216659262
2022-06-05,95228.11735464913,1535.7212927409478,1135.3081883325929
2022-06-06,95526.53045905747,1433.7212927409478,2737.8081883325926
2022-06-07,94971.44356346584,2182.0546260742813,2557.8081883325926
2022-06-08,94818.35666787419,2403.8879594076143,2478.8081883325926
2022-06-09,94632.9364389492,2293.3879594076143,2384.7170820419205
2022-06-10,94441.93811891794,2196.7122544184604,2135.2105744497294
2022-06-11,94834.43979888667,2524.8887250066955,965.6272411163964
2022-06-12,95393.10814552208,1526.5455877517938,1175.3772411163964
2022-06-13,95695.77649215749,1478.0455877517938,2700.377241116396
2022-06-14,95059.44483879289,2064.045587751794,2433.877241116396
2022-06-15,94841.61318542827,2213.795587751794,2355.3126478149607
2022-06-16,94465.2480392407,2162.5120949288275,2494.377241116396
2022-06-17,94323.88289305312,2353.0120949288275,1968.3772411163964
2022-06-18,94468.51774686556,2111.678761595494,1032.543907783063
2022-06-19,95009.65260067799,1575.0120949288275,892.8772411163964
2022-06-20,95276.7874544904,1159.5120949288275,1742.3772411163964
2022-06-21,95358.42230830285,1822.678761595494,2531.552507291662
2022-06-22,94953.03750609561,2148.4494413661737,2275.667576906732
2022-06-23,94855.1527038884,2177.782774699507,2358.6675769067315
2022-06-24,94718.76790168116,2220.9494413661737,2183.667576906732
2022-06-25,94832.38309947394,2297.2827746995067,909.667576906732
2022-06-26,95476.9982972667,1554.2827746995072,942.6675769067319
2022-06-27,95811.61349505952,1278.2827746995072,2690.6675769067315
2022-06-28,95289.72869285228,2167.782774699507,2388.600910240065
2022-06-29,95164.67722397839,2265.4494413661737,2234.5009102400654
2022-06-30,95142.6257551045,2212.4494413661737,2448.000910240065
2022-07-01,94972.5742862306,2276.6161080328407,2498.334243573398
2022-07-02,94807.18948402337,2332.9494413661737,1066.8342435733987
2022-07-03,95448.80468181615,1708.4494413661737,1072.8342435733987
2022-07-04,95738.41987960893,1362.449441366174,828.8342435733987
2022-07-05,96200.0350774017,1290.449441366174,2730.834243573398
2022-07-06,95623.65027519448,2154.4494413661737,2589.834243573398
2022-07-07,95415.26547298727,2381.4494413661737,2420.834243573398
2022-07-08,95183.88067078001,2189.4494413661737,2524.000910240065
2022-07-09,95158.66253523948,2498.782774699507,943.0009102400652
2022-07-10,95723.4443996989,1507.7827746995072,910.5009102400652
2022-07-11,96090.72626415835,1277.7827746995072,2365.8342435733985
2022-07-12,95759.34146195112,2034.4494413661737,2275.0352613851032
2022-07-13,95602.9642933317,2126.6377365315684,2298.450802586904
2022-07-14,95402.07430419941,2095.5709144647462,2313.2134288495304
2022-07-15,95196.26512314798,2107.4042477980797,2033.7134288495306
2022-07-16,95395.95594209654,2233.4042477980797,919.0467621828639
2022-07-17,96094.31342771174,1617.4042477980795,1091.046762182864
2022-07-18,96380.17091332699,1374.0542477980796,2384.5467621828634
2022-07-19,95892.02839894217,1897.9042477980795,2300.546762182864
2022-07-20,95778.88588455741,2185.9042477980797,2141.261047897149
2022-07-21,95694.24337017261,2059.4042477980797,2347.0467621828634
2022-07-22,95324.60085578784,1977.4042477980795,2005.3800955161971
2022-07-23,95497.95834140303,2178.7375811314128,946.3800955161971
2022-07-24,96168.31582701826,1616.7375811314128,1005.8800955161971
2022-07-25,96366.17331263347,1203.0709144647462,2484.9103985465
2022-07-26,95998.93988915777,2117.6769750708067,2336.1411677772694
2022-07-27,95755.55261952823,2092.75389814773,2216.1411677772694
2022-07-28,95580.66534989871,2041.25389814773,2259.7406793767814
2022-07-29,95387.96733545841,2067.0426649364967,1831.4334395577766
2022-07-30,95392.67429839369,1849.2055608640985,926.9985979288172
2022-07-31,95939.88126132898,1473.7055608640985,1030.6235979288172
2022-08-01,96157.46322426425,1248.2055608640985,2277.790264595484
2022-08-02,95826.2118538662,1947.2055608640985,2107.4569312621506
2022-08-03,95678.46048346815,1956.9198465783843,2121.9569312621506
2022-08-04,95546.2091130701,1992.2055608640985,2128.623597928817
2022-08-05,95203.0410760054,1785.4555608640985,1966.431857515838
2022-08-06,95244.97480885217,2011.3567408051015,943.1922387275465
2022-08-07,95663.3700801605,1361.5875100358705,991.1922387275467
2022-08-08,96020.7653514688,1347.9208433692042,2169.0255720608798
2022-08-09,95615.75899370447,1762.3525476298557,2078.1922387275467
2022-08-10,95448.75263594011,1910.6730604503687,1983.9101874454952
2022-08-11,95449.20781663728,1966.8269066042146,2081.1429448044155
2022-08-12,95334.38779259735,1996.0885051800576,3263.6751958866666
2022-08-13,95550.23443522406,3482.5885051800574,886.2418625533331
2022-08-14,96104.58107785079,1440.5885051800572,1043.2418625533332
2022-08-15,96421.92772047751,1357.647328709469,2100.7578756252283
2022-08-16,96259.40998401926,1939.0401391669855,2381.932875625228
2022-08-17,96107.01724756102,2227.9401391669853,2186.599542291895
2022-08-18,96013.12451110278,2094.0401391669857,2278.650824343177
2022-08-19,95730.66767208044,1996.1939853208316,2199.8815935739462
2022-08-20,96061.24929459658,2528.029882756729,892.8482602406132
2022-08-21,96586.83091711266,1419.7632160900625,1053.6815935739467
2022-08-22,96914.41253962879,1381.2632160900625,2870.01492690728
2022-08-23,96389.66082881157,2343.929882756729,2270.45855435826
2022-08-24,96197.81107877867,2087.4666474626115,2701.316397495515
2022-08-25,96009.96132874575,2513.4666474626115,2264.1830641621814
2022-08-26,95838.04491204619,2092.2666474626117,2055.183064162182
2022-08-27,96055.12849534662,2272.2666474626117,987.1830641621817
2022-08-28,96681.21207864705,1614.0166474626112,1036.9330641621818
2022-08-29,96955.29566194749,1311.0166474626112,2614.433064162182
2022-08-30,96640.37924524792,2079.9984783855884,2659.1030809534286
2022-08-31,96490.19667080994,2508.1705065154406,2165.6351322354794
2022-09-01,96430.74486560271,2106.1833270282614,2719.4684655688134
2022-09-02,96037.45972706216,2326.849993694928,2102.13513223548
2022-09-03,96270.6745885216,2335.349993694928,942.6351322354801
2022-09-04,96929.38944998106,1600.6833270282611,1300.13513223548
2022-09-05,97133.93764477383,1504.6833270282611,1135.1351322354801
2022-09-06,97365.48583956661,1366.6833270282611,2845.4684655688134
2022-09-07,96846.5340343594,2326.5166603615944,2625.551798902147
2022-09-08,96642.41556248552,2417.683327028261,2535.0184655688136
2022-09-09,96408.1859795005,2303.9888825838166,1950.2184655688134
2022-09-10,96498.95639651551,2040.9888825838166,893.6800040303518
2022-09-11,97082.0345058382,1476.7581133530475,975.1800040303518
2022-09-12,97456.6126151609,1350.2581133530473,2406.9022262525737
2022-09-13,97001.30183559471,1949.9914466863809,2554.568892919241
2022-09-14,96625.49105602854,2180.091446686381,2164.902226252574
2022-09-15,96393.68027646234,1933.0914466863808,2332.6227701582097
2022-09-16,96171.72663975325,2217.6688276387617,2087.622464347812
2022-09-17,96289.7730030442,2207.0021609720948,974.9557976811454
2022-09-18,96745.81936633517,1431.002160972095,1076.9557976811454
2022-09-19,97075.86572962611,1405.6688276387615,2413.5391310144787
2022-09-20,96586.07875958373,1925.0854943054283,3004.872464347812
2022-09-21,96465.29178954137,2879.1083253556567,2468.4630275137174
2022-09-22,96176.39827459792,2178.236179236935,2477.256678307368
2022-09-23,96031.6476167973,2313.2837982845545,1985.9479176236077
2022-09-24,96339.58926668904,2293.8895675153235,954.447917623608
2022-09-25,96933.03091658077,1547.8895675153235,1026.447917623608
2022-09-26,97228.47256647245,1321.8895675153235,2645.9479176236077
2022-09-27,96673.41421636417,2090.8895675153235,2457.9479176236073
2022-09-28,96266.35586625588,2050.889567515324,2484.0391456937828
2022-09-29,95956.31155123533,2174.9913219012883,2241.130527432802
2022-09-30,95775.37672526587,2060.195701463332,2184.130527432802
2022-10-01,95789.94189929638,2196.917923685554,948.1305274328024
2022-10-02,96383.50707332692,1542.695701463332,947.1305274328024
2022-10-03,96660.57224735746,1223.1957014633322,2626.1305274328024
2022-10-04,96089.63742138796,2055.195701463332,2541.312345614621
2022-10-05,95745.7025954185,2199.195701463332,2305.130527432802
2022-10-06,95588.26776944904,2147.695701463332,2307.130527432802
2022-10-07,95431.83294347957,2150.695701463332,2184.130527432802
2022-10-08,95468.8981175101,2221.195701463332,934.1305274328023
2022-10-09,96038.96329154064,1504.195701463332,960.1305274328024
2022-10-10,96381.02846557114,1299.6957014633322,2044.1305274328024
2022-10-11,96068.09363960169,1731.1957014633322,2299.130527432802
2022-10-12,95867.15881363224,2098.195701463332,2248.4638607661354
2022-10-13,95703.22398766273,2086.306812574443,2469.2416385439133
2022-10-14,95346.28916169328,2112.306812574443,2161.2416385439133
2022-10-15,95452.35433572381,2263.6704489380795,934.2416385439135
2022-10-16,96096.41950975433,1581.3068125744433,923.2416385439135
2022-10-17,96377.98468378487,1204.8068125744433,2311.2416385439133
2022-10-18,95868.54985781541,1801.806812574443,2206.2416385439133
2022-10-19,95647.61503184591,1983.0568125744433,2226.2416385439133
2022-10-20,95379.18020587647,1959.306812574443,2455.7416385439133
2022-10-21,95131.74537990699,2207.306812574443,2106.2971940994694
2022-10-22,95163.31055393751,2138.2074661692145,908.6305274328024
2022-10-23,95856.37572796804,1601.195701463332,1071.6305274328024
2022-10-24,96064.44090199858,1278.362368129999,2481.880527432802
2022-10-25,95495.00607602911,1914.1957014633322,2151.573104463615
2022-10-26,95392.43259459744,2048.9996230319593,2300.5731044636145
2022-10-27,95184.85911316579,2092.9996230319593,2362.5731044636145
2022-10-28,95026.28563173415,2203.9996230319593,2370.5768568088306
2022-10-29,94936.7121503025,2282.9996230319593,925.5731044636146
2022-10-30,95493.13866887083,1481.9996230319593,965.5731044636146
2022-10-31,95762.56518743916,1234.9996230319598,2460.073104463615
2022-11-01,95074.49170600751,1770.2496230319596,2286.0731044636145
2022-11-02,94858.41822457587,2069.9996230319593,2195.0731044636145
2022-11-03,94592.8447431442,1930.9996230319596,2317.2397711302815
2022-11-04,94515.93792837924,2238.832956365293,2084.2397711302815
2022-11-05,94712.03111361424,2282.332956365293,962.9897711302813
2022-11-06,95468.49929884924,1719.4579563652926,1171.9897711302813
2022-11-07,95539.63415075092,1241.1246230319598,2537.489771130282
2022-11-08,95072.2690026526,2070.1246230319593,2138.9936172841276
2022-11-09,94856.45000840045,2053.6707768781134,1257.813551259617
2022-11-10,94938.59191949805,1365.3197480715291,1252.1778369739027
2022-11-11,95055.73383059571,1369.3197480715291,1246.1778369739027
2022-11-12,95183.87574169331,1374.3197480715291,1245.1778369739027
2022-11-13,95332.01765279094,1373.0697480715291,518.9278369739027
2022-11-14,95499.78456388855,674.6947480715291,2575.527836973903
2022-11-15,94806.05147498619,1881.794748071529,2256.0278369739026
2022-11-16,94468.81838608382,1917.0804623572437,2267.694503640569
2022-11-17,94065.08529718145,1865.294748071529,2313.1945036405696
2022-11-18,93836.85220827906,2084.961414738196,2099.1945036405696
2022-11-19,93804.61911937672,2065.6280814048623,883.8611703072362
2022-11-20,94241.83047491878,1326.4058591826406,920.3889480850138
2022-11-21,94452.52794157194,1135.4614147381958,2061.0972814183474
2022-11-22,93933.22540822515,1542.7947480715288,2096.0972814183474
2022-11-23,93621.92287487832,1783.7947480715288,1919.0972814183472
2022-11-24,93214.6203415315,1511.7947480715293,632.7639480850138
2022-11-25,93568.31780818467,987.4614147381959,908.7639480850138
2022-11-26,93902.01527483786,1240.9614147381958,758.7639480850139
2022-11-27,94379.21274149105,1235.9614147381958,764.7639480850139
2022-11-28,94748.41020814423,1126.9058591826401,2174.459460905527
2022-11-29,94334.87797394273,1753.923030899812,2077.2168812629475
2022-11-30,94052.18008317552,1794.5189904957717,2209.2168812629475
2022-12-01,93749.48219240835,1906.5189904957713,2310.550214596281
2022-12-02,93470.61763497451,2031.685657162438,2063.800214596281
2022-12-03,93611.50307754068,2204.685657162438,945.8002145962803
2022-12-04,94067.88852010683,1402.185657162438,945.8002145962803
2022-12-05,94333.27396267297,1211.1856571624385,2331.800214596281
2022-12-06,93873.65940523914,1872.185657162438,2101.050214596281
2022-12-07,93599.2948478053,1826.685657162438,2085.350214596281
2022-12-08,93555.53029037146,2041.585657162438,2831.7668812629468
2022-12-09,93461.76573293761,2738.0023238291046,2128.2668812629477
2022-12-10,93634.50117550377,2302.0023238291046,909.266881262947
2022-12-11,94209.23661806993,1483.0792469060277,957.6164984703842
2022-12-12,94509.6105950874,1261.9715181419012,2508.7975411244124
2022-12-13,93962.3845721049,1962.571518141901,2411.7975411244124
2022-12-14,93674.15854912243,2121.071518141901,2358.2975411244124
2022-12-15,93276.93252613989,1961.071518141901,2310.955435861255
2022-12-16,93044.70650315739,2081.571518141901,2165.2975411244133
2022-12-17,92958.48048017487,2079.071518141901,923.7975411244126
2022-12-18,93380.25445719235,1345.5715181419012,1072.2975411244126
2022-12-19,93437.77843420985,1129.8215181419014,2524.7975411244124
2022-12-20,92727.30241122733,1814.821518141901,2429.281039474248
2022-12-21,92032.2927661326,1735.2664438844752,2335.658287932078
2022-12-22,91513.39830428395,1831.6852920520143,2101.0797539006644
2022-12-23,90811.2538424353,1398.9352920520146,1240.0797539006642
2022-12-24,90616.10938058667,1044.9352920520148,689.4130872339972
2022-12-25,90791.63158540468,864.9352920520148,484.41308723399743
2022-12-26,91062.15379022267,754.9352920520147,643.8130872339972
2022-12-27,91492.6759950407,1074.335292052015,1720.6790292629835
2022-12-28,91378.52791000367,1611.512828283899,1763.6609133209545
2022-12-29,91417.3798249666,1802.5128282838984,1714.6609133209545
2022-12-30,91686.23173992956,1983.5128282838984,1547.660913320954
2022-12-31,92048.08365489247,1909.5128282838984,843.9275799876204
2023-01-01,92903.26890318879,1699.1128282838984,1012.9275799876204
2023-01-02,93246.45415148504,1356.1128282838988,990.9275799876206
2023-01-03,93675.13939978133,1416.7707230207407,1940.3009393699735
2023-01-04,92943.04590397184,1625.4982172471196,1218.711626044886
2023-01-05,92695.44438488374,1158.9836435439865,837.8665609526494
2023-01-06,92534.81033567517,827.4726632592111,833.1067124678009
2023-01-07,92529.17628646658,827.4726632592111,825.1067124678009
2023-01-08,92530.54223725798,826.4726632592111,821.1067124678009
2023-01-09,92540.90818804939,831.4726632592111,826.1067124678009
2023-01-10,92555.27413884082,840.4726632592111,827.1067124678009
2023-01-11,92561.64008963223,833.4726632592111,837.1067124678009
2023-01-12,92559.00604042361,834.4726632592111,832.1067124678009
2023-01-13,92556.37199121504,829.4726632592111,828.1067124678009
2023-01-14,92554.73794200644,826.4726632592111,820.1067124678009
2023-01-15,92562.10389279788,827.4726632592111,826.1067124678009
2023-01-16,92566.46984358926,830.4726632592111,817.1067124678009
2023-01-17,92576.83579438069,827.4726632592111,830.1067124678009
2023-01-18,92582.20174517209,835.4726632592111,837.1067124678009
2023-01-19,92569.56769596349,824.4726632592111,825.1067124678009
2023-01-20,92689.9336467549,847.0547711023485,1680.208918350154
2023-01-21,93353.82827401692,2345.103545612152,845.2089183501538
2023-01-22,93800.7229012789,1290.6035456121524,797.2089183501538
2023-01-23,94093.61752854093,1090.1035456121524,2259.2089183501535
2023-01-24,93857.5121558029,2023.1035456121522,1847.608918350154
2023-01-25,93745.50678306489,1735.6035456121522,1840.108918350154
2023-01-26,93562.50141032692,1657.6035456121522,2017.3185143097498
2023-01-27,93278.76320930608,1735.5631415717482,1747.527765356806
2023-01-28,93287.20915462672,1755.9737106774394,745.0277653568056
2023-01-29,93844.15509994733,1301.9737106774394,910.4935963688762
2023-01-30,95836.55350580651,2931.1445556170866,1887.7632926150632
2023-01-31,95530.35476880852,1583.553127045658,3586.7518640436333
2023-02-01,93612.15603181055,1668.5531270456581,1773.6304666637216
2023-02-02,93508.20096293485,1671.8289640180014,1937.4506995603738
2023-02-03,93241.24589405916,1670.4956306846682,1844.7840328937073
2023-02-04,93287.9574918501,1889.8289640180017,757.7840328937069
2023-02-05,93757.00242297437,1226.8289640180017,826.7840328937069
2023-02-06,94082.0473540987,1151.8289640180014,2005.8506995603739
2023-02-07,93765.42561855633,1690.8289640180017,2023.4506995603738
2023-02-08,93593.80388301394,1851.8289640180017,1894.1517477316497
2023-02-09,93427.14630893455,1728.4913487934996,1928.1489228728924
2023-02-10,93320.48873485517,1821.4913487934996,1854.1489228728924
2023-02-11,93244.33116077575,1776.3913487934997,814.8155895395588
2023-02-12,93614.5069200297,1186.3246821268328,720.1489228728923
2023-02-13,94011.68267928367,1115.724682126833,2151.513628755245
2023-02-14,93554.69373265524,1698.8286036954605,1831.8842169905392
2023-02-15,93367.6714526935,1645.6619370287935,1940.6842169905399
2023-02-16,93182.64917273175,1755.6619370287935,2111.017550323873
2023-02-17,92978.46022610334,1906.8286036954603,1830.517550323873
2023-02-18,93005.02127947492,1857.07860369546,792.5175503238726
2023-02-19,93510.58233284649,1297.2786036954603,880.4842169905393
2023-02-20,93723.01005288477,1094.9119370287935,1343.4842169905394
2023-02-21,93832.43777292302,1452.9119370287935,2176.484216990539
2023-02-22,93363.11549296128,1702.495270362127,1900.9842169905396
2023-02-23,93133.12654633287,1676.82860369546,2000.8175503238726
2023-02-24,92836.13759970445,1703.8286036954603,1889.817550323873
2023-02-25,92758.14865307602,1811.82860369546,778.4842169905393
2023-02-26,93199.8263731143,1220.1619370287935,865.9842169905393
2023-02-27,93476.50409315254,1142.6619370287935,2077.9842169905396
2023-02-28,93181.18181319082,1780.995270362127,2019.4842169905396
2023-03-01,92924.85953322907,1763.1619370287935,1952.4842169905396
2023-03-02,92710.53725326729,1738.1619370287935,1970.4842169905396
2023-03-03,92660.41497330555,1921.3619370287936,1804.4842169905396
2023-03-04,92682.29269334381,1825.3619370287936,795.4842169905393
2023-03-05,93129.83708004875,1243.6952703621268,796.650883657206
2023-03-06,93464.38146675366,1132.1952703621268,2012.6508836572061
2023-03-07,93160.42585345857,1708.1952703621268,1958.9842169905396
2023-03-08,92941.10357349686,1740.4119370287935,1930.7342169905396
2023-03-09,92917.7812935351,1907.4119370287935,1896.9049486978565
2023-03-10,92658.98340381724,1640.0907988174115,1838.388688535255
2023-03-11,92548.68551409943,1728.0907988174115,826.4720218685881
2023-03-12,93016.88762438156,1297.3407988174115,735.6386885352548
2023-03-13,93277.08973466369,995.8407988174115,1915.2934004944736
2023-03-14,92870.44548774825,1591.2135059947473,2023.4768005292744
2023-03-15,92646.61076464228,1799.1420774233188,1825.9768005292744
2023-03-16,92535.27604153633,1715.1420774233188,1823.9768005292744
2023-03-17,92399.94131843036,1689.6420774233188,1707.4768005292744
2023-03-18,92450.60659532441,1757.1420774233188,829.4768005292741
2023-03-19,92845.02187221847,1224.8920774233186,814.7881212839911
2023-03-20,92963.4371491125,997.3920774233186,1941.9768005292744
2023-03-21,92647.85242600655,1627.8920774233188,1795.4768005292744
2023-03-22,92545.26770290059,1691.3920774233188,1830.4768005292744
2023-03-23,92460.43297979461,1747.6420774233188,1805.4768005292744
2023-03-24,92486.59825668867,1831.6420774233188,1546.476800529274
2023-03-25,92775.26353358274,1833.8087440899853,873.976800529274
2023-03-26,93214.42881047676,1313.6420774233186,821.4768005292741
2023-03-27,93529.5940873708,1136.1420774233186,2012.93134598382
2023-03-28,93118.85027335575,1603.1792675059633,1843.9689395091755
2023-03-29,93022.12421082,1791.4884391035962,1885.2145016393529
2023-03-30,92861.39814828426,1728.4884391035962,1883.2145016393529
2023-03-31,92662.6720857485,1680.9884391035962,1629.3811683060198
2023-04-01,92704.27935654607,1670.9884391035962,893.6311683060195
2023-04-02,93043.88662734366,1233.2384391035962,852.1311683060194
2023-04-03,93302.99389814123,1110.2384391035964,2057.964501639353
2023-04-04,93027.76783560548,1782.7384391035962,1911.1787873536387
2023-04-05,92915.7322492602,1800.6432010083581,1949.6787873536387
2023-04-06,92785.69666291491,1819.6432010083581,1954.6787873536387
2023-04-07,92610.91107656965,1779.8932010083581,1424.6787873536387
2023-04-08,92766.12549022432,1579.1432010083581,815.5121206869718
2023-04-09,93080.83990387907,1131.8932010083583,832.1787873536385
2023-04-10,93438.55431753381,1189.1432010083583,1811.6787873536387
2023-04-11,93321.0187311885,1694.1432010083581,2047.3454540203052
2023-04-12,93042.1498115099,1768.4765343416914,1955.3454540203052
2023-04-13,92894.38089183127,1807.5765343416915,1910.8454540203052
2023-04-14,92790.61197215266,1805.4098676750248,1744.821644496496
2023-04-15,92923.46210009311,1878.5289152940725,834.1787873536384
2023-04-16,93348.81222803354,1259.5289152940725,920.6787873536384
2023-04-17,93609.16235597395,1181.0289152940727,2093.6787873536387
2023-04-18,93195.4124839144,1679.9289152940723,1980.1787873536387
2023-04-19,92941.66261185483,1726.4289152940723,1959.1787873536387
2023-04-20,92754.41273979525,1771.9289152940723,1847.2641532072976
2023-04-21,92642.19945310157,1735.0508665135847,1670.2641532072976
2023-04-22,92892.20045212212,1920.2651522278704,800.2641532072971
2023-04-23,93384.7014511427,1292.7651522278704,815.2641532072971
2023-04-24,93680.86911682994,1111.4318188945372,2092.764153207297
2023-04-25,93287.5367825172,1699.4318188945372,1797.844612977412
2023-04-26,93186.75617234237,1698.0582556761462,1923.2782597903692
2023-04-27,92926.7634409554,1668.7198718377624,1842.212603224713
2023-04-28,92960.47070956846,1875.9198718377625,1708.712603224713
2023-04-29,93175.17797818151,1923.4198718377622,817.2126032247126
2023-04-30,93677.71858012788,1319.753205171096,912.8792698913792
2023-05-01,93761.59251540761,996.7532051710959,2103.8792698913794
2023-05-02,93244.96645068734,1587.2532051710957,1865.0014921136017
2023-05-03,93059.85149707814,1772.842094059985,1776.9570476691574
2023-05-04,92940.23654346899,1657.3420940599844,1961.9570476691574
2023-05-05,92855.62158985979,1873.7865385044292,1711.9570476691574
2023-05-06,93015.00663625065,1871.342094059985,845.7903810024903
2023-05-07,93500.55834930812,1330.842094059985,1001.6237143358237
2023-05-08,93633.94339569895,1136.5087607266514,2058.581375037767
2023-05-09,92937.50976456887,1651.4831866539994,1849.9168177840997
2023-05-10,92839.07613343875,1753.4831866539994,1900.7720090409302
2023-05-11,92695.42392307369,1758.5706183479888,1766.3894953797285
2023-05-12,92738.43837937526,1810.0706183479883,1792.2228287130615
2023-05-13,92691.45283567689,1745.2372850146553,787.7228287130614
2023-05-14,93243.1339586451,1339.4039516813218,782.289495379728
2023-05-15,93525.54841494674,1066.3706183479887,2097.9561620463946
2023-05-16,93156.46287124832,1728.203951681322,1960.1228287130616
2023-05-17,92914.21066088325,1718.3706183479885,1936.1228287130616
2023-05-18,92707.95845051817,1729.8706183479885,1800.6228287130616
2023-05-19,92630.20624015311,1722.8706183479885,1659.7552962455293
2023-05-20,92733.05402978802,1770.0706183479883,795.0978287130614
2023-05-21,93158.40181942296,1223.0706183479888,828.2228287130613
2023-05-22,93499.58294239122,1169.4039516813218,2035.2228287130615
2023-05-23,93070.26406535946,1605.9039516813218,1858.2228287130615
2023-05-24,92867.94518832774,1655.9039516813218,1900.7228287130615
2023-05-25,92746.29297796264,1779.0706183479888,1982.8478287130615
2023-05-26,92543.6407675976,1781.0706183479888,1655.7228287130615
2023-05-27,92725.48855723251,1837.5706183479888,825.7228287130613
2023-05-28,93248.33634686747,1346.8206183479888,913.2561620463947
2023-05-29,93541.85080316904,1206.7706183479886,858.7561620463946
2023-05-30,93864.3652594706,1181.2706183479886,2273.713304903538
2023-05-31,93412.93685862937,1822.284904062274,1975.8799715702044
2023-06-01,93210.84179112142,1773.784904062274,1896.8799715702044
2023-06-02,93144.74672361351,1829.1099040622744,1850.6799715702045
2023-06-03,93191.31832277223,1897.2515707289413,906.4299715702042
2023-06-04,93622.38992193098,1337.5015707289413,861.2633049035375
2023-06-05,93905.46152108972,1144.3349040622743,2102.2633049035376
2023-06-06,93513.8664535818,1711.6682373956078,1814.906162046395
2023-06-07,93465.41424321673,1765.453951681322,1934.4561620463946
2023-06-08,93342.76203285165,1813.303951681322,1841.9561620463946
2023-06-09,93374.10982248659,1873.303951681322,1720.1061620463947
2023-06-10,93486.5076121215,1832.4206183479887,814.0228287130614
2023-06-11,93957.40540175642,1283.6706183479887,955.0228287130614
2023-06-12,94125.80319139136,1124.9206183479887,2056.278384268617
2023-06-13,93716.28986991517,1646.7095072368775,2112.8894953797285
2023-06-14,93407.52654843897,1805.9595072368775,1230.5248062166897
2023-06-15,93220.63731985106,1130.4680340873856,1226.2417071197697
2023-06-16,93150.25475792977,1150.5147007540522,816.1115483896112
2023-06-17,93020.15791029419,779.8480340873853,804.9448817229446
2023-06-18,92990.06106265866,774.8480340873853,794.9448817229446
2023-06-19,92971.96421502311,776.8480340873853,795.9448817229446
2023-06-20,92964.86736738755,788.8480340873853,800.9448817229446
2023-06-21,92943.77051975197,779.8480340873853,802.9448817229446
2023-06-22,92924.67367211643,783.8480340873853,806.9448817229446
2023-06-23,92907.57682448087,789.8480340873853,804.9448817229446
2023-06-24,92879.47997684531,776.8480340873853,795.9448817229446
2023-06-25,92860.38312920975,776.8480340873853,801.9448817229446
2023-06-26,92844.28628157417,785.8480340873853,799.9448817229446
2023-06-27,92832.1894339386,787.8480340873853,805.9448817229446
2023-06-28,92813.09258630307,786.8480340873853,806.9448817229446
2023-06-29,92791.99573866751,785.8480340873853,809.9448817229447
2023-06-30,93188.89889103193,795.443912049894,1149.7966012649429
2023-07-01,93816.6758430589,1777.5735532918782,922.796601264943
2023-07-02,94486.45279508579,1592.5735532918782,979.796601264943
2023-07-03,94878.22974711274,1371.5735532918782,1979.842578276437
2023-07-04,94656.98371063394,1759.585047544752,802.8310840235637
2023-07-05,95217.73767415514,1363.585047544752,2202.2696805147916
2023-07-06,94923.61054605838,1913.920330195824,2124.728130561477
2023-07-07,94771.50862804569,1976.200442240642,1855.673788824782
2023-07-08,94945.7400433663,2031.4385374787369,876.7071221581159
2023-07-09,95457.4714586869,1388.4385374787369,878.7071221581159
2023-07-10,95917.20287400753,1274.8303477708905,2568.082710115026
2023-07-11,95513.40405214825,2164.283888255757,2312.0276472916703
2023-07-12,95305.69466704917,2104.31826219257,2294.0276472916703
2023-07-13,95098.48528195004,2086.81826219257,2550.027647291671
2023-07-14,94847.27589685096,2298.81826219257,2174.6109806250042
2023-07-15,94931.8998450852,2259.2349288592363,938.6109806250039
2023-07-16,95486.52379331944,1493.2349288592363,1078.6109806250038
2023-07-17,95750.14774155365,1342.2349288592366,2298.9443139583373
2023-07-18,95370.60502312121,1919.4015955259033,2310.6943139583373
2023-07-19,95062.06230468878,2002.1515955259033,2336.5276472916707
2023-07-20,94897.01958625637,2172.1515955259033,2342.860980625004
2023-07-21,94695.64353449059,2141.484928859237,2175.6943139583373
2023-07-22,94725.60081605814,2203.11826219257,912.1943139583373
2023-07-23,95467.55809762572,1654.651595525903,1110.1943139583373
2023-07-24,95686.5153791933,1326.6573098116178,2460.9166698480617
2023-07-25,95210.96015449517,1985.37811181663,2345.833336514728
2023-07-26,95183.14381868599,2261.106629206632,2336.6516057875433
2023-07-27,95006.57739946582,2160.085186567381,2420.4849391208763
2023-07-28,94813.51098024567,2204.962581203396,2038.2349391208763
2023-07-29,95014.03938861171,2240.263347486921,952.7349391208764
2023-07-30,95634.06779697776,1572.7633474869208,983.7349391208762
2023-07-31,95919.59620534377,1259.3855697091435,2380.8000184859557
2023-08-01,95422.19921688444,1839.1272471357015,2628.111798028445
2023-08-02,95277.57337454395,2344.3751424354173,2344.4660376909446
2023-08-03,95244.38088120989,2230.1091864521245,2546.2345920931584
2023-08-04,95217.06895228894,2518.922663172217,2298.234592093159
2023-08-05,95263.25702336799,2344.422663172217,1002.2345920931588
2023-08-06,96001.44509444706,1740.4226631722165,1009.3145920931587
2023-08-07,96452.67316552608,1450.895135261531,2700.8255811041477
2023-08-08,95951.30286129628,2199.5871450061722,2418.890934950302
2023-08-09,95793.79495706642,2253.4033869545547,2469.7578924203126
2023-08-10,95524.96989543927,2200.9328307931587,2505.7578924203126
2023-08-11,95414.14483381211,2394.9328307931587,2382.2578924203126
2023-08-12,95424.81977218496,2392.9328307931587,1102.2578924203126
2023-08-13,96060.4947105578,1737.9328307931585,1062.2578924203124
2023-08-14,96479.16964893066,1480.9328307931587,2707.2578924203126
2023-08-15,95846.34458730351,2074.4328307931582,2584.591225753646
2023-08-16,95564.51952567634,2302.266164126492,2647.8769400393603
2023-08-17,95400.33732119206,2483.6947355550637,2469.6269400393603
2023-08-18,95324.15511670774,2393.4447355550637,2447.543606706027
2023-08-19,95444.72291222346,2569.6114022217307,1091.3769400393599
2023-08-20,96075.5240410725,1722.4780688883966,1129.6769400393598
2023-08-21,96387.17132376769,1441.3242227345506,2775.3186067060265
2023-08-22,95849.44360646287,2238.9242227345508,2517.40194003936
2023-08-23,95623.96588915806,2291.9242227345508,2373.40194003936
2023-08-24,95589.48817185327,2337.5908894012173,2286.595477454326
2023-08-25,95534.21045454845,2282.724222734551,2652.2519400393603
2023-08-26,95629.93273724365,2747.9742227345514,993.2519400393599
2023-08-27,96311.15501993883,1672.4742227345503,1051.2519400393599
2023-08-28,96728.37730263404,1468.4742227345505,2838.2519400393603
2023-08-29,96132.09958532921,2241.974222734551,2480.2519400393603
2023-08-30,96010.82186802439,2358.474222734551,2314.5019400393603
2023-08-31,95950.96081738628,2256.224222734551,2467.4446499108394
2023-09-01,95857.88240825754,2375.3473728576027,2409.4257819863114
2023-09-02,95795.80399912885,2346.6807061909362,1036.8424486529777
2023-09-03,96434.55892333346,1676.3473728576025,1146.5924486529775
2023-09-04,96853.31384753807,1565.3473728576023,991.5924486529777
2023-09-05,97288.06877174272,1426.3473728576025,2887.192448652978
2023-09-06,96746.62369594735,2344.2473728576024,2742.192448652978
2023-09-07,96411.67862015199,2407.2473728576024,2512.0129614734906
2023-09-08,96181.44050406355,2282.9415120517415,2282.3462948068236
2023-09-09,96223.86905464182,2324.774845385075,962.8462948068238
2023-09-10,96847.29760522007,1586.274845385075,1042.8462948068238
2023-09-11,97199.05948913166,1394.6081787184085,2581.593684365057
2023-09-12,96737.78485554464,2120.3190507780755,2743.593684365057
2023-09-13,96571.51022195767,2524.6266103097805,2466.0457114629107
2023-09-14,96285.96676133104,2188.002250836263,2512.212378129577
2023-09-15,96069.3344118155,2297.8022508362633,2266.9800548972535
2023-09-16,96132.48994108783,2331.128008412021,994.9724791396777
2023-09-17,96689.14547036018,1550.961341745354,1079.9724791396777
2023-09-18,97017.55099963251,1406.149842473156,2716.4236436229385
2023-09-19,96419.97952744925,2118.352171439677,3086.542691241986
2023-09-20,95788.608055266,2547.5521714396777,2644.436464135759
2023-09-21,95566.67248051864,2422.584222721728,2589.019797469092
2023-09-22,95299.250063666,2319.601388632497,2279.0087754250044
2023-09-23,95302.86973098174,2282.6284427407136,1018.1198865361151
2023-09-24,95924.57828718633,1639.3284427407136,1109.286553202782
2023-09-25,96221.28684339089,1406.8284427407136,2683.703219869448
2023-09-26,95659.99539959553,2122.2451094073804,2425.3698865361157
2023-09-27,95453.03728913344,2217.7451094073804,2423.0365532027818
2023-09-28,95368.07917867138,2319.5251973644363,2525.5231065155676
2023-09-29,95216.59586410431,2338.09799684945,2543.1394886203816
2023-09-30,95226.65715517185,2547.4019291132163,1060.2047185054384
2023-10-01,95881.9210324463,1715.9685957798822,1131.7047185054384
2023-10-02,96273.68490972075,1523.4685957798822,2840.871385172105
2023-10-03,95652.78212032853,2219.9685957798824,2717.371385172106
2023-10-04,95565.87933093631,2630.4685957798824,2773.371385172105
2023-10-05,95261.97654154408,2456.500458524981,2686.8754701394255
2023-10-06,95097.31068025643,2522.2096088517783,2477.275470139426
2023-10-07,95108.4448189688,2489.909608851778,1052.2754701394256
2023-10-08,95709.57895768114,1653.4096088517779,1164.2754701394256
2023-10-09,95972.21309639349,1426.9096088517776,2117.150470139425
2023-10-10,95926.59723510583,2021.2310374232063,2608.6365812505373
2023-10-11,95684.44043814568,2366.8686731792636,2636.720708234664
2023-10-12,95319.05506975694,2271.33533984593,2538.3207082346635
2023-10-13,95066.90303470155,2286.1686731792634,2437.3207082346635
2023-10-14,95007.75099964613,2378.1686731792634,1013.8207082346636
2023-10-15,95712.09896459074,1718.1686731792631,1013.8207082346636
2023-10-16,96055.11359620202,1352.8583283516768,2627.8764303735943
2023-10-17,95600.57650367534,2102.6742435073065,2561.786234295163
2023-10-18,95304.6113999442,2265.821130564016,2600.786234295163
2023-10-19,95017.64629621306,2314.321130564016,2533.286234295163
2023-10-20,94759.45897025967,2273.932241675127,2352.6195676284965
2023-10-21,94919.43831097298,2512.598908341794,1045.2624247713532
2023-10-22,95508.58431835295,1635.2655750084605,1083.119567628496
2023-10-23,95940.73032573292,1514.2844429329887,2872.02187696687
2023-10-24,95367.51592533977,2308.7556631022244,2520.9343492096527
2023-10-25,95260.63485827994,2414.3657821498437,2651.255777781081
2023-10-26,95088.68236264872,2479.3032821498437,2593.755777781081
2023-10-27,95011.22986701748,2516.303282149844,2408.5891111144147
2023-10-28,95109.11070471957,2504.005663102225,1078.8391111144144
2023-10-29,95745.99154242169,1715.7199488165102,1157.8391111144144
2023-10-30,95996.53904679044,1409.2199488165102,2762.8391111144147
2023-10-31,95375.25321782586,2141.5532821498437,2467.856968257272
2023-11-01,95056.19953171842,2149.5532821498437,2680.856968257272
2023-11-02,94583.64584561101,2208.3032821498437,2594.3796955299995
2023-11-03,94397.03534132175,2407.7691912407527,2516.3796955299995
2023-11-04,94446.75817036585,2565.352524574086,1065.5463621966655
2023-11-05,95149.81433274326,1771.1025245740857,1181.5889153881549
2023-11-06,95483.37049512067,1517.1025245740857,3104.2928410699055
2023-11-07,94871.56515515069,2492.4875010999076,2486.399983927048
2023-11-08,94768.90267232354,2385.9875010999076,2685.024983927048
2023-11-09,94551.86518949641,2467.9875010999076,2748.3583172603817
2023-11-10,94246.16104000261,2440.154167766574,1377.758317260381
2023-11-11,94820.15689050878,1951.904167766574,930.1583172603813
2023-11-12,95473.15274101499,1583.154167766574,1041.824983927048
2023-11-13,95850.81525818787,1419.4875010999074,2869.734074836139
2023-11-14,95109.47777536069,2414.9875010999076,2858.5749839270484
2023-11-15,94643.64029253357,2391.8875010999077,2779.991650593715
2023-11-16,94286.80280970644,2424.4875010999076,2749.3249839270484
2023-11-17,93831.96532687928,2294.4875010999076,2502.9788300808946
2023-11-18,93899.95476712908,2569.949039561446,1112.9595993116632
2023-11-19,94465.44420737885,1678.449039561446,1169.7095993116632
2023-11-20,94715.93364762864,1422.449039561446,2968.370125627453
2023-11-21,93844.60028086088,2098.019215000042,2753.5192484344707
2023-11-22,93239.76691409311,2149.685881666709,2612.5192484344707
2023-11-23,92625.93354732536,1996.6858816667093,728.085915101137
2023-11-24,93001.6001805576,1105.352548333376,1063.5192484344702
2023-11-25,93538.26681378983,1600.1858816667088,895.5192484344703
2023-11-26,94005.93344702206,1363.185881666709,915.0125817678037
2023-11-27,94325.76008025433,1235.8192150000423,2647.692581767804
2023-11-28,93807.88671348653,2128.219215000043,2549.0925817678035
2023-11-29,93571.9133467188,2315.5192150000425,2415.4925817678036
2023-11-30,93427.93997995104,2271.5192150000425,2536.7425817678036
2023-12-01,93123.96661318326,2232.7692150000425,2784.3789454041676
2023-12-02,92860.04627671854,2524.337396818225,1003.2577332829551
2023-12-03,93490.1259402538,1631.7373968182242,1074.4577332829551
2023-12-04,93833.80560378908,1418.1373968182243,2771.8743999496223
2023-12-05,93256.98526732434,2195.0540634848912,2469.8743999496223
2023-12-06,93030.41493085961,2243.3040634848912,2704.124399949622
2023-12-07,92613.34459439488,2285.5540634848912,2577.174399949622
2023-12-08,92328.3075912635,2294.1373968182243,2403.1743999496225
2023-12-09,92321.77058813206,2396.6373968182247,1000.8410666162885
2023-12-10,92977.90025166736,1656.2207301515575,1086.007733282955
2023-12-11,93211.44658186928,1320.3040634848908,2722.7577332829555
2023-12-12,92500.99291207123,2012.304063484891,2547.424399949622
2023-12-13,92265.3725756065,2312.3040634848912,2468.4243999496225
2023-12-14,92134.25223914177,2336.3040634848912,2662.674399949622
2023-12-15,91746.16761696275,2274.5897777706055,2615.174399949622
2023-12-16,91465.58299478373,2334.5897777706055,996.1743999496218
2023-12-17,92090.99837260472,1621.589777770605,1196.2819268313422
2023-12-18,92373.18256762999,1479.2994551899599,2933.115260164676
2023-12-19,91538.36676265528,2098.29945518996,2877.8688833530814
2023-12-20,90921.55095768056,2262.676266784163,2711.325405092212
2023-12-21,90445.06848603918,2235.0096001174966,2747.7063574731646
2023-12-22,89931.94315725495,2231.956915213748,2437.6550754218824
2023-12-23,89381.66398231687,1886.8246184325149,1141.5323647991718
2023-12-24,89796.38480737878,1558.8246184325146,1089.2149044817113
2023-12-25,89817.1056324407,1111.8246184325146,547.1037933706001
2023-12-26,90156.8264575026,886.8246184325147,1490.9371267039335
2023-12-27,90237.88061589786,1571.9912850991814,2105.9371267039332
2023-12-28,90102.9347742931,1970.9912850991814,2226.9371267039332
2023-12-29,89948.98893268834,2072.9912850991814,1807.1371267039333
2023-12-30,90237.9430910836,2096.0912850991813,987.1371267039335
2023-12-31,90975.89724947885,1725.0912850991815,993.8037933706001
2024-01-01,91501.8514078741,1521.0912850991815,957.2171267039336
2024-01-02,92030.80556626934,1488.0912850991815,2645.1371267039335
2024-01-03,91728.75972466457,2337.8791638870603,2541.7553085221157
2024-01-04,91685.0108527568,2496.14929375719,2529.54102280783
2024-01-05,91603.61912370616,2449.6492937571898,2330.5410228078294
2024-01-06,91938.72739465554,2665.64929375719,961.5410228078297
2024-01-07,92581.83566560489,1604.64929375719,979.774356141163
2024-01-08,92966.31060322089,1360.0377552956518,2640.139740756548
2024-01-09,92475.45861776003,2150.7877552956516,2422.7508518676586
2024-01-10,92198.93996563247,2147.343310851207,2548.6952963121025
2024-01-11,91969.9213135049,2318.6210886289846,2550.4851513845665
2024-01-12,91872.90266137732,2453.4664992570038,2307.0851513845664
2024-01-13,91833.18400924977,2265.366499257004,893.0851513845669
2024-01-14,92380.79869045556,1442.366499257004,1049.7518180512334
2024-01-15,92554.9133716613,1223.866499257004,910.1118180512335
2024-01-16,92795.86805286708,1148.268253642969,2274.1723567218537
2024-01-17,92400.97371010447,1879.2780139592526,2317.898163173467
2024-01-18,92424.14388347091,2045.709750681312,2421.9021314274355
2024-01-19,92253.63594328423,2250.560857907419,2312.402131427435
2024-01-20,92229.12800309756,2287.8941912407527,1114.235464760768
2024-01-21,92791.28672957754,1677.0608579074192,1104.235464760768
2024-01-22,93001.11212272418,1314.060857907419,2696.985464760768
2024-01-23,92482.18751587083,2144.1555654283106,2511.9385089310827
2024-01-24,92358.51997228847,2388.2709653487245,2632.6051755977496
2024-01-25,92021.18576203947,2294.2785411063,2400.567296809871
2024-01-26,91962.06367300256,2340.0252077729665,2347.0672968098706
2024-01-27,92515.27491729897,2899.7785411063005,1058.233963476537
2024-01-28,93216.98616159541,1759.9452077729668,1230.27916121665
2024-01-29,93471.16350758674,1489.1231738746617,2726.785280097769
2024-01-30,93011.39767175991,2266.416880168368,2592.400664713154
2024-01-31,92959.78568208692,2522.167809900214,2663.56733137982
2024-02-01,92670.79260022368,2376.0742495165773,2745.06733137982
2024-02-02,92563.29951836044,2638.074249516577,2476.5673313798206
2024-02-03,92989.13976983052,2903.0742495165773,1350.9006647131534
2024-02-04,93334.81335463395,1695.5742495165773,1194.4006647131534
2024-02-05,93618.98693943737,1478.5742495165773,2959.472093284582
2024-02-06,92826.85100043127,2449.002820945149,2828.7923313798206
2024-02-07,92481.25791856802,2485.0992495165774,2662.1923313798206
2024-02-08,92402.16483670479,2583.0992495165774,2855.19233137982
2024-02-09,92129.07175484154,2582.0992495165774,2630.1923313798206
2024-02-10,92464.97867297832,2966.0992495165774,1120.1923313798202
2024-02-11,93086.88559111506,1737.8428392601668,1210.0256647131537
2024-02-12,93430.29250925181,1556.0992495165774,3911.6923313798206
2024-02-13,92242.69942738856,2764.5992495165774,1180.454236141725
2024-02-14,92639.46348838246,1568.7182971356247,2628.9542361417252
2024-02-15,92345.22754937637,2334.7182971356256,2721.031159218648
2024-02-16,92225.87622575488,2601.679835597163,2612.531159218648
2024-02-17,92124.52490213342,2511.1798355971637,1026.1978258853148
2024-02-18,92771.17357851192,1673.5131689304967,1125.3644925519816
2024-02-19,93013.82225489043,1368.0131689304967,1599.3644925519816
2024-02-20,93257.47093126894,1841.4179308352589,2810.388302075791
2024-02-21,92851.08389336175,2404.001264168592,2696.3011225886116
2024-02-22,92586.86352212122,2441.8453117876397,2676.458540171029
2024-02-23,92333.13422230925,2423.729240359068,2608.458540171029
2024-02-24,92423.9049224973,2694.895907025735,1018.2918735043626
2024-02-25,93088.25895601868,1682.645907025735,1072.7918735043625
2024-02-26,93491.61298954004,1474.545907025735,3158.9807623932516
2024-02-27,92955.70035639475,2626.0125736924015,2821.925206837696
2024-02-28,92560.28772324945,2425.5125736924015,2729.7768551893446
2024-02-29,92194.72856995765,2374.8059371916474,2650.9386198952266
2024-03-01,91948.97753991511,2407.437589852712,2584.355286561893
2024-03-02,92146.9765098726,2784.1875898527114,1367.1886198952266
2024-03-03,92516.80881316341,1736.5209231860451,1104.1886198952266
2024-03-04,92976.64111645424,1561.9375898527117,2793.8704380770446
2024-03-05,92658.47341974505,2472.9055385706606,2803.6886198952266
2024-03-06,92568.05572303587,2653.270923186045,2607.2650087841157
2024-03-07,92473.81659775527,2497.35028826541,2767.994175450782
2024-03-08,92315.910805808,2610.5883835035056,2517.627508784116
2024-03-09,92393.80501386072,2597.255050170172,1091.0275087841155
2024-03-10,92982.69922191346,1679.9217168368386,1114.5275087841155
2024-03-11,93352.09342996615,1483.9217168368386,3037.305286561893
2024-03-12,92654.09874913,2338.6994946146165,2345.6751278317347
2024-03-13,92805.28025877003,2426.5887475635022,2746.6001278317344
2024-03-14,92535.78676841005,2476.2177485828706,2894.235048466655
2024-03-15,92283.81113519294,2640.941233431355,2553.0683817999884
2024-03-16,92432.8355019758,2702.259415249537,1125.635048466655
2024-03-17,93086.3598687587,1777.559415249537,1158.635048466655
2024-03-18,93659.88423554157,1517.7308438209654,2822.94695322856
2024-03-19,93134.75145946733,2297.564177154299,2604.5093188199576
2024-03-20,92977.04341457586,2449.201273928493,2692.4093188199577
2024-03-21,91990.72425857327,2399.923496150715,2771.842652153291
2024-03-22,91740.73843590403,2492.991569743788,2493.842652153291
2024-03-23,91857.0026132348,2610.106829484048,1096.842652153291
2024-03-24,92518.26679056554,1755.706829484048,1210.3426521532908
2024-03-25,93209.53096789631,1902.1068294840481,3245.009318819958
2024-03-26,92253.96181189372,2289.273496150715,2647.6153794260185
2024-03-27,92046.39265589116,2445.273496150715,2475.842652153291
2024-03-28,91834.49016655525,2263.940162817382,2707.842652153291
2024-03-29,91652.92101055266,2526.273496150715,1850.8426521532908
2024-03-30,92129.35185455008,2327.273496150715,1169.8426521532908
2024-03-31,92650.7826985475,1690.4401628173812,1102.092652153291
2024-04-01,92964.21354254494,1414.356829484048,3071.592652153291
2024-04-02,92377.64438654235,2483.523496150715,2600.9602992121145
2024-04-03,92242.91150504959,2468.477417719342,2657.2102992121145
2024-04-04,94059.17862355681,4469.481331613667,2757.5384792512536
2024-04-05,93719.06932327735,2418.2291789717888,2548.5884792512534
2024-04-06,93875.96002299788,2705.320088062698,1067.3384792512534
2024-04-07,94648.60072271842,1839.9791789717883,1380.9575268703009
2024-04-08,94862.5747557723,1600.895845638455,2508.5051459179203
2024-04-09,94639.79878882616,2273.1791789717886,2911.75514591792
2024-04-10,94415.62282188002,2688.3291789717887,2484.1718125845873
2024-04-11,94084.11352160056,2152.6625123051217,2848.3384792512534
2024-04-12,93742.31850703538,2462.5803156073475,2533.7551459179203
2024-04-13,94030.41210218544,2819.142283907258,1215.25514591792
2024-04-14,94625.50569733551,1809.9915982108407,1147.7551459179201
2024-04-15,95071.59929248557,1591.8487410679836,2957.4344479636484
2024-04-16,94498.69288763564,2394.182074401317,2754.5884792512534
2024-04-17,94255.28648278568,2512.682074401317,2715.5884792512534
2024-04-18,94041.38007793577,2500.51540773465,2617.2551459179203
2024-04-19,93915.30700641917,2491.182074401317,2689.008466601032
2024-04-20,94142.45626254327,2916.657722725163,1218.5084666010318
2024-04-21,94875.60551866743,1951.1577227251628,1203.0917999343653
2024-04-22,95206.64366368044,1534.879944947385,2851.8501332676988
2024-04-23,94729.95680869346,2375.1632782807183,2826.8501332676988
2024-04-24,94421.26995370648,2518.1632782807183,2785.914649396731
2024-04-25,94172.97019549369,2535.936319755373,2784.081316063398
2024-04-26,93984.6228182333,2595.733938802992,2497.081316063398
2024-04-27,94143.27544097288,2656.733938802992,1252.5813160633975
2024-04-28,94849.92806371248,1958.2339388029916,1257.0813160633975
2024-04-29,95160.58068645207,1567.7339388029916,2956.581316063398
2024-04-30,94616.23330919165,2412.233938802992,2860.9048454751623
2024-05-01,94368.66370970903,2755.0117165807696,3033.3813160633977
2024-05-02,94026.2941102264,2690.5117165807696,2791.967735816484
2024-05-03,93999.91216506477,2756.632422779196,2594.9107409978315
2024-05-04,94389.54576394457,2984.5443398776415,1297.910740997831
2024-05-05,95323.17936282439,2231.5443398776415,1538.4940743311643
2024-05-06,95386.8129617042,1603.5443398776415,2944.1107409978313
2024-05-07,94890.246560584,2447.5443398776415,2848.1107409978313
2024-05-08,94529.68015946382,2487.5443398776415,2736.1107409978313
2024-05-09,94264.1137583436,2469.7943398776415,2652.1107409978313
2024-05-10,94217.54735722345,2606.5443398776415,2707.777407664498
2024-05-11,94278.98095610323,2768.211006544308,1135.1107409978313
2024-05-12,94999.41455498307,1856.2110065443082,1161.2774076644978
2024-05-13,95487.84815386287,1651.2110065443082,2951.4440743311648
2024-05-14,95039.28175274268,2502.377673210975,2897.2535981406886
2024-05-15,94760.38201828915,2619.211006544308,2833.1107409978313
2024-05-16,94581.48228383563,2653.211006544308,2836.7774076644982
2024-05-17,94400.5825493821,2655.8776732109745,2613.2774076644982
2024-05-18,94636.1828149286,2848.8776732109745,1209.4440743311645
2024-05-19,95458.28308047504,2032.0443398776415,1890.4440743311645
2024-05-20,95245.65001268822,1684.477673210975,3576.6107409978313
2024-05-21,94144.85027823469,2474.9538636871653,2796.6107409978313
2024-05-22,93930.05054378115,2581.1443398776414,2839.7774076644982
2024-05-23,93695.58414266097,2605.311006544308,2946.0274076644982
2024-05-24,93380.11774154077,2631.311006544308,2587.7144447015353
2024-05-25,93521.69578486503,2740.251747285049,1215.673703960794
2024-05-26,94359.2738281893,2053.2517472850486,1381.3403706274607
2024-05-27,94659.85187151353,1681.1684139517154,1193.3403706274607
2024-05-28,95189.4299148378,1722.9184139517154,3237.5903706274607
2024-05-29,94612.00795816205,2660.918413951716,2961.1737039607942
2024-05-30,94298.48600148632,2647.6517472850487,2862.5070372941273
2024-05-31,93966.7973781439,2531.3184139517157,2748.0070372941273
2024-06-01,93996.10875480149,2776.5684139517157,1211.5070372941275
2024-06-02,94658.92013145908,1874.3184139517157,1161.673703960794
2024-06-03,95077.39817478332,1581.151747285049,2989.0487039607942
2024-06-04,94502.37621810759,2413.526747285049,2997.0487039607942
2024-06-05,94060.35426143184,2555.0267472850487,2742.7153706274607
2024-06-06,93955.33230475608,2638.5267472850487,2809.715370627461
2024-06-07,93902.84368141368,2757.226747285049,2554.215370627461
2024-06-08,94367.85505807126,3019.226747285049,1404.2153706274607
2024-06-09,94821.86643472884,1858.226747285049,1250.2153706274607
2024-06-10,95188.87781138644,1616.5600806183822,3114.415370627461
2024-06-11,94534.82252137735,2461.460080618382,2736.9737039607944
2024-06-12,94439.76723136829,2641.9184139517156,2747.9737039607944
2024-06-13,94239.7119413592,2547.9184139517156,3016.9737039607944
2024-06-14,94003.65665135013,2780.9184139517156,2699.2237039607944
2024-06-15,93930.60136134105,2626.9184139517156,1107.973703960794
2024-06-16,94732.54607133196,1909.9184139517156,1229.6403706274607
2024-06-17,95053.49078132291,1551.9184139517156,2945.9737039607944
2024-06-18,94648.43549131381,2539.4184139517156,2994.133540026368
2024-06-19,93989.35151278014,2417.371965864284,1608.789277731286
2024-06-20,94646.26753424646,2069.626867825068,2801.539277731286
2024-06-21,94399.6835557128,2556.7052991976175,2527.6226110646194
2024-06-22,94579.89957717912,2707.8386325309507,1121.6226110646192
2024-06-23,95712.61559864547,2254.3386325309507,1523.6226110646192
2024-06-24,95925.3316201118,1735.5886325309505,3095.1226110646194
2024-06-25,95281.71430824479,2452.005299197617,2900.558094935587
2024-06-26,95029.70989960361,2648.0536862943914,2844.058094935587
2024-06-27,94591.70549096241,2406.0536862943914,2824.058094935587
2024-06-28,94289.7010823212,2521.5536862943914,2555.105713983206
2024-06-29,94486.41095939431,2754.3394005801056,1365.6295235070154
2024-06-30,95234.1208364674,2113.3394005801056,1270.6295235070156
2024-07-01,95666.83071354048,1702.6727339134388,3286.629523507015
2024-07-02,94982.54059061356,2601.0894005801056,3205.129523507015
2024-07-03,94507.25046768665,2729.8394005801056,3064.4628568403486
2024-07-04,94014.96034475975,2572.8394005801056,1044.1295235070156
2024-07-05,94902.67022183284,1931.3394005801058,2466.4914282689206
2024-07-06,94875.97057509642,2439.12511486582,1131.4914282689203
2024-07-07,95667.27092835997,1922.7917815324865,1133.4914282689203
2024-07-08,96152.57128162352,1618.7917815324865,2905.4914282689206
2024-07-09,95639.03830155377,2391.9584481991533,2773.4914282689206
2024-07-10,95501.50532148399,2630.1584481991536,2878.3580949355874
2024-07-11,95301.5390080809,2678.8917815324867,2902.1914282689204
2024-07-12,95121.23936134449,2721.3917815324867,2660.119999697492
2024-07-13,95243.55876222708,2783.1060672467725,1118.7866663641585
2024-07-14,96082.8781631097,1958.1060672467725,1217.332120909613
2024-07-15,96391.37938217413,1525.1666733073785,3155.176565354058
2024-07-16,95676.48060123855,2440.2777844184893,2747.1765653540574
2024-07-17,95447.58182030298,2518.2777844184893,2802.6765653540574
2024-07-18,95231.68303936745,2587.2777844184893,2993.1765653540574
2024-07-19,94918.28425843186,2679.2777844184893,2321.609898687391
2024-07-20,95027.55214416294,2431.7777844184893,1098.509898687391
2024-07-21,95735.32002989406,1806.2777844184895,1221.5098986873904
2024-07-22,96084.08791562515,1570.2777844184895,3019.0901456009715
2024-07-23,95441.2014803686,2376.2037103444154,2842.9234789343045
2024-07-24,95174.31504511205,2576.7037103444154,2571.97903448986
2024-07-25,94819.09527652214,2216.759265899971,2656.9335799444057
2024-07-26,94617.69368975045,2454.1986598393655,2321.505008515834
2024-07-27,94734.4349601216,2442.0796122203174,1365.3383418491676
2024-07-28,95420.17623049274,2050.579612220317,1159.3383418491674
2024-07-29,95937.9175008639,1672.846278886984,2915.5883418491676
2024-07-30,95568.99210456837,2453.62452684541,2824.1716751825006
2024-07-31,95300.0577995869,2557.261179724825,2771.1954847063103
2024-08-01,94955.6234946054,2426.761179724825,2914.1954847063103
2024-08-02,94775.68918962392,2732.844513058158,2584.7288180396436
2024-08-03,95002.00488464245,2812.511179724825,1226.69548470631
2024-08-04,95653.82057966095,1878.5111797248246,1168.19548470631
2024-08-05,96131.63627467948,1644.6778463914914,2871.1954847063103
2024-08-06,95649.45196969797,2389.011179724825,2793.1716751825006
2024-08-07,95386.66052185935,2530.446894010539,2602.3383418491676
2024-08-08,95286.7690740207,2501.446894010539,2856.9383418491675
2024-08-09,95223.87762618209,2796.113560677206,2650.505008515834
2024-08-10,95362.48617834348,2788.6135606772054,1188.5050085158339
2024-08-11,96218.09473050483,2044.6135606772057,1300.505008515834
2024-08-12,96618.70328266622,1700.6135606772057,3171.8383418491676
2024-08-13,95938.91183482757,2491.246894010539,2750.8145323253575
2024-08-14,95822.45372032229,2634.3564178200627,2757.729425942379
2024-08-15,95612.94241432763,2550.2181199477222,2705.729425942379
2024-08-16,95512.43110833297,2604.2181199477227,2618.396092609046
2024-08-17,95580.58646900498,2686.5514532810557,1087.8960926090458
2024-08-18,96383.74182967699,1891.0514532810555,1223.8960926090456
2024-08-19,96706.397190349,1546.5514532810555,2928.7294259423793
2024-08-20,96198.05255102101,2421.0514532810557,2845.753235466189
2024-08-21,95924.06505455017,2571.7657389953415,2707.4199021328554
2024-08-22,95746.07755807933,2528.765738995342,2807.9218451380366
2024-08-23,95578.46765228204,2645.298985972889,2639.408891770161
2024-08-24,95597.85774648476,2659.298985972889,1264.2422251034943
2024-08-25,96444.24784068752,2109.632319306222,1282.7422251034943
2024-08-26,96883.63793489023,1722.1323193062221,3014.3422251034945
2024-08-27,96403.62802909296,2534.3323193062224,2970.175558436828
2024-08-28,96096.11812329567,2662.8323193062224,2934.8422251034945
2024-08-29,95705.60821749842,2543.8323193062224,2977.231113992383
2024-08-30,95385.20942281226,2656.165652639556,2816.356113992383
2024-08-31,95408.4356281261,2839.5823193062224,1153.5418282780977
2024-09-01,96184.89516677325,1931.7156526395554,1224.7561139923832
2024-09-02,96648.85470542042,1688.7156526395554,1190.9227806590497
2024-09-03,97120.3142440676,1663.0489859728887,3414.0894473257167
2024-09-04,96375.94044938145,2669.7156526395556,2886.2561139923832
2024-09-05,96062.06665469529,2572.382319306222,3023.2433402697557
2024-09-06,95595.31329796533,2556.4899835397987,2667.7433402697557
2024-09-07,95892.05994123536,2963.6328406826565,1335.8544513808665
2024-09-08,96387.1954733943,1831.4899835397987,1181.3544513808665
2024-09-09,96762.33100555323,1555.9899835397987,3069.3691251455407
2024-09-10,96214.55990380552,2530.4672562670717,2972.7383580147734
2024-09-11,95676.9554687245,2436.133922933738,2636.8216913481065
2024-09-12,95390.6843669768,2350.5505896004047,2548.3216913481065
2024-09-13,95229.4132652291,2387.0505896004047,2547.65502468144
2024-09-14,95347.97549681473,2666.2172562670717,1091.15502468144
2024-09-15,96077.03772840035,1820.2172562670714,1221.2988299911742
2024-09-16,96342.31013697716,1491.5564893054195,2783.4507473953045
2024-09-17,95853.0825455539,2294.2231559720863,2706.1636506211107
2024-09-18,95583.74527671136,2439.911686438036,2587.471177502831
2024-09-19,95317.07467453543,2319.300575326925,2751.8045108361644
2024-09-20,95140.15407235955,2574.3839086602584,2450.724452185138
2024-09-21,95201.28303030094,2586.63346877756,1068.5045108361644
2024-09-22,95837.74532157565,1704.9668021108937,1111.0045108361644
2024-09-23,96289.2076128504,1561.9668021108937,2909.8378441694977
2024-09-24,95732.16990412511,2353.4668021108937,2570.5524344832347
2024-09-25,95539.41057899209,2507.905049648715,2696.9643747817427
2024-09-26,95208.75125385907,2365.6383829820484,2446.3126187968114
2024-09-27,94966.36526692023,2203.926631857975,2290.8959521301445
2024-09-28,94876.81261331473,2201.3432985246413,1190.8959521301445
2024-09-29,95565.25995970922,1879.3432985246413,1053.762877194744
2024-09-30,95979.0458073957,1468.215391547897,2873.596210528078
2024-10-01,95405.99832174886,2301.0487248812306,2728.2847495742512
2024-10-02,95110.12282694444,2431.9092547698224,2578.2731216672746
2024-10-03,94820.4450065586,2289.5720454674965,2636.416532519988
2024-10-04,94604.76718617277,2422.072045467497,2445.5443280471445
2024-10-05,94054.55635194246,2559.54222651116,1037.7530607415001
2024-10-06,94715.3455177121,1697.8755598444934,1058.2530607415001
2024-10-07,95118.13468348177,1459.5422265111602,2702.9917704189193
2024-10-08,94537.90126860626,2138.7067426401927,2521.273490849027
2024-10-09,94282.66785373076,2266.2067426401927,2441.4401575156935
2024-10-10,94037.60110552193,2196.3734093068592,2632.9401575156935
2024-10-11,93747.0343573131,2342.373409306859,2247.9121201325156
2024-10-12,93213.96760910426,2242.5400759735257,1007.6068241823602
2024-10-13,93861.23419422876,1654.8734093068592,1074.9401575156935
2024-10-14,94303.66744601991,1516.7067426401925,2205.773490849027
2024-10-15,93916.60069781108,1819.3734093068592,2602.9401575156935
2024-10-16,93845.03394960226,2530.7067426401927,2751.773490849027
2024-10-17,93343.30053472673,2249.3734093068592,2557.2762008761274
2024-10-18,92954.06711985126,2169.0400759735257,2170.9401575156935
2024-10-19,93126.83370497575,2343.7067426401923,1051.30682418236
2024-10-20,93715.13362343358,1639.6067426401924,1088.3068241823603
2024-10-21,94021.10020855808,1394.2734093068589,2736.1401575156938
2024-10-22,93370.06679368256,2085.1067426401924,2386.723490849027
2024-10-23,93247.70004547376,2264.3567426401924,2464.3901575156933
2024-10-24,93001.33329726491,2218.690075973526,2472.8568241823605
2024-10-25,92795.26654905608,2267.2900759735257,2223.0234908490265
2024-10-26,92933.86646751392,2361.6234093068592,1213.6901575156935
2024-10-27,93591.79971930507,1871.623409306859,1165.1901575156937
2024-10-28,93805.23297109625,1378.623409306859,2605.023490849027
2024-10-29,93311.49955622073,2111.2900759735257,2439.3117561551494
2024-10-30,93122.49318216156,2250.305382095975,2525.3117561551494
2024-10-31,92920.48680810237,2323.305382095975,2432.3117561551494
2024-11-01,92688.48043404322,2200.305382095975,2601.8117561551494
2024-11-02,92616.47405998404,2529.805382095975,1098.8117561551494
2024-11-03,93301.96768592484,1784.8053820959747,1211.8117561551494
2024-11-04,93520.4613118657,1430.3053820959747,2805.3117561551494
2024-11-05,92954.4549378065,2239.305382095975,2098.3117561551494
2024-11-06,92854.44856374734,1998.3053820959747,2525.1386792320727
2024-11-07,92587.87488199584,2261.536151326744,2901.4431664115596
2024-11-08,91906.63453357769,2220.202817993411,2335.9431664115596
2024-11-09,91928.89418515957,2358.2028179934105,998.4431664115596
2024-11-10,92499.1538367414,1568.7028179934107,1034.1098330782263
2024-11-11,92779.08015498993,1314.036151326744,1049.8598330782263
2024-11-12,93199.00647323843,1469.786151326744,2754.5721699702785
2024-11-13,92754.0217594585,2311.580338752604,2688.0650525325564
2024-11-14,92214.53704567853,2145.173362008418,2591.8568523532595
2024-11-15,91653.19399988362,2154.1752578054966,2376.6849702670916
2024-11-16,91557.3509540887,2280.841924472163,1013.1849702670918
2024-11-17,92235.50790829374,1691.341924472163,1078.6849702670918
2024-11-18,92519.66486249884,1362.841924472163,2753.1849702670916
2024-11-19,91872.82181670389,2106.341924472163,2668.1849702670916
2024-11-20,91539.97877090897,2335.841924472163,2092.6849702670916
2024-11-21,91411.96905844739,1964.6752578054966,2668.9349702670916
2024-11-22,90922.95934598579,2179.9252578054966,2423.9349702670916
2024-11-23,90784.44963352419,2285.4252578054966,1266.9349702670918
2024-11-24,91438.10658772926,1920.5919244721629,1182.9349702670918
2024-11-25,91642.76354193431,1387.591924472163,2820.1849702670916
2024-11-26,90888.4204961394,2065.841924472163,2651.6849702670916
2024-11-27,90456.07745034447,2219.341924472163,2458.6849702670916
2024-11-28,90004.23440454953,2006.841924472163,811.1849702670918
2024-11-29,90402.39135875463,1209.3419244721629,1097.1849702670918
2024-11-30,90808.54831295967,1503.341924472163,860.6849702670916
2024-12-01,91346.20526716475,1398.341924472163,916.6849702670918
2024-12-02,91699.86222136984,1270.3419244721629,2679.1849702670916
2024-12-03,91182.0191755749,2161.341924472163,2424.6849702670916
2024-12-04,90909.67612977997,2152.341924472163,2519.4390993135576
2024-12-05,90633.66924342129,2252.385582256792,2348.1858019488063
2024-12-06,90438.9623570626,2153.4789155901253,2229.6858019488063
2024-12-07,90656.25547070392,2446.978915590126,966.6858019488066
2024-12-08,91239.54858434526,1549.9789155901253,1167.0191352821398
2024-12-09,91476.09169798657,1403.5622489234588,2632.0191352821394
2024-12-10,90972.63481162787,2128.562248923459,2495.352468615473
2024-12-11,90727.67792526919,2264.8955822567923,2360.9865265864873
2024-12-12,90515.41306789602,2147.207176459691,2490.8053671661974
2024-12-13,90076.89821052285,2052.957176459691,2315.472033832864
2024-12-14,90102.55001981635,2341.790509793024,915.3053671661978
2024-12-15,90748.70182910985,1561.4571764596903,1048.0553671661976
2024-12-16,91073.60363840334,1372.2905097930238,2876.555367166198
2024-12-17,90258.33878103014,2061.290509793024,2728.8921018600754
2024-12-18,90281.97188284065,2754.0252036705747,2640.8921018600754
2024-12-19,90021.10498465116,2379.525203670575,2729.320673288647
2024-12-20,89452.23808646164,2160.4537750991462,2724.820673288647
2024-12-21,88863.37118827217,2136.4537750991462,1018.8206732886467
2024-12-22,89403.50429008264,1559.4537750991462,1107.3206732886465
2024-12-23,89621.13739189313,1324.9537750991462,2739.320673288647
2024-12-24,88997.43716037033,2116.2871084324797,1648.4873399553135
2024-12-25,88654.2369288475,1305.7871084324795,634.9873399553135
2024-12-26,88948.03669732466,928.7871084324797,1641.3921018600754
2024-12-27,88953.66979913514,1647.0252036705747,1815.8593507683722
2024-12-28,88978.82473500677,1842.0099198277799,757.9549839561453
2024-12-29,89667.87967087842,1447.00991982778,879.4549839561453
2024-12-30,90057.93460675007,1269.50991982778,2227.9549839561446
2024-12-31,89760.48954262168,1930.5099198277799,1785.954983956145
2025-01-01,90064.04447849332,2090.00991982778,1045.4549839561453
2025-01-02,90578.59941436494,1560.0099198277803,2331.854983956145
2025-01-03,90290.25435023662,2043.5099198277799,2113.8840960376583
2025-01-04,90414.23825262934,2241.850531181492,893.8666287887506
2025-01-05,90993.22215502209,1472.8505311814915,844.9499621220839
2025-01-06,91287.28939074816,1137.0171978481585,2057.533295455417
2025-01-07,91004.52329314088,1774.7671978481585,2056.533295455417
2025-01-08,90910.75719553363,1962.7671978481585,2333.223771645893
2025-01-09,90692.91966935495,2117.5529121338727,2437.39043831256
2025-01-10,90279.08214317627,2023.5529121338727,1803.14043831256
2025-01-11,90237.74461699757,1761.1362454672062,828.9737716458935
2025-01-12,90888.40709081889,1479.6362454672058,982.8404383125603
2025-01-13,91227.5695646402,1322.0029121338725,2418.934908358643
2025-01-14,90151.73203846149,2119.5029121338725,2413.007104979227
2025-01-15,90043.39451228284,2303.336245467206,2242.483295455417
2025-01-16,90041.62841467555,2240.717197848159,2402.483295455417
2025-01-17,89919.8623170683,2280.2171978481583,2471.399962122084
2025-01-18,89955.01288612772,2506.5505311814923,965.4832954554172
2025-01-19,90598.08012185378,1608.5505311814918,1155.4832954554172
2025-01-20,90725.14735757989,1282.5505311814918,969.6499621220839
2025-01-21,91088.71459330592,1333.7171978481583,2430.8166287887507
2025-01-22,90506.61516236536,1848.7171978481588,2058.8666287887504
2025-01-23,90379.76573142473,1932.0171978481585,2234.699962122084
2025-01-24,90281.66630048417,2136.600531181492,2213.199962122084
2025-01-25,90381.56686954357,2313.100531181492,980.6999621220839
2025-01-26,91005.96743860298,1605.100531181492,1056.199962122084
2025-01-27,91367.8680076624,1417.3505311814918,2557.6999621220843
2025-01-28,90881.01857672179,2070.850531181492,2431.317886650386
2025-01-29,90748.77763634724,2299.0769462758317,2461.817886650386
2025-01-30,90518.53669597268,2231.5769462758317,2473.817886650386
2025-01-31,90588.29575559813,2543.5769462758317,2380.317886650386
2025-02-01,90575.38814855693,2367.4102796091647,1083.8178866503858
2025-02-02,91208.9805415157,1717.4102796091647,1063.3178866503858
2025-02-03,91672.07293447448,1524.9102796091647,2896.8178866503863
2025-02-04,91073.8319940999,2298.5769462758317,2513.1130280572024
2025-02-05,90918.46415017205,2357.7451841293487,2441.1130280572024
2025-02-06,90714.59630624422,2237.7451841293487,2528.6130280572024
2025-02-07,90566.72846231636,2380.2451841293487,2343.1130280572024
2025-02-08,90658.8606183885,2435.7451841293487,1074.1130280572027
2025-02-09,91331.49277446064,1746.7451841293484,1113.1130280572027
2025-02-10,91792.62493053278,1574.2451841293484,2738.513612852524
2025-02-11,91271.3097181839,2221.175008690752,2235.4902210396585
2025-02-12,91111.99450583498,2076.1750086907523,2199.35864209229
2025-02-13,90769.28455664396,1863.5565876381204,2415.466536829132
2025-02-14,90481.77460745294,2127.9565876381207,2220.466536829132
2025-02-15,90656.26465826192,2394.9565876381207,1011.4665368291326
2025-02-16,91168.75470907093,1524.4565876381205,995.4665368291326
2025-02-17,91522.74475987992,1239.9033089495956,1364.9009630586402
2025-02-18,91801.7634992135,1617.8264461122185,2520.439673074314
2025-02-19,91414.17884038185,2130.8679174684817,2042.585909633454
2025-02-20,91318.20385896956,1917.9068465885164,2351.1675422865155
2025-02-21,91112.48397959811,2144.6976629150467,2305.5008756198486
2025-02-22,91285.59743355997,2478.614329581714,1023.6675422865151
2025-02-23,91938.21088752184,1676.2809962483805,1129.667542286515
2025-02-24,92328.82434148369,1520.2809962483805,2729.834208953182
2025-02-25,91846.60446211223,2247.6143295817137,2576.5008756198486
2025-02-26,91732.38458274076,2463.614329581714,2585.334208953182
2025-02-27,91475.16470336932,2328.1143295817137,2529.8653562589147
2025-02-28,91347.8807930012,2402.9082857176595,2587.8588627524214
2025-03-01,91339.09688263311,2579.074952384326,1134.3588627524211
2025-03-02,91997.312972265,1792.5749523843256,1131.025529419088
2025-03-03,92297.45498782283,1431.6490264583997,2804.5770109005693
2025-03-04,91746.9336700473,2297.762359791733,2421.950344233903
2025-03-05,91540.57901893852,2215.595693125066,2470.950344233903
2025-03-06,91129.22436782967,2059.5956931250666,2509.200344233903
2025-03-07,90974.86971672082,2354.845693125066,2314.783677567236
2025-03-08,91235.09839894531,2575.012359791733,1090.7836775672358
2025-03-09,91823.82708116983,1679.512359791733,1056.2836775672358
2025-03-10,92239.55576339432,1471.512359791733,2694.5336775672363
2025-03-11,91812.28444561882,2267.262359791733,2595.0336775672363
2025-03-12,91738.01312784331,2520.762359791733,2462.0336775672363
2025-03-13,91646.7418100678,2370.762359791733,2483.0336775672363
2025-03-14,91525.97049229233,2362.262359791733,2380.4670109005697
2025-03-15,91705.66584118348,2567.845693125066,1068.1503442339026
2025-03-16,92292.86119007465,1655.3456931250662,1128.6503442339026
2025-03-17,92588.22320563247,1424.0123597917332,2880.9836775672366
2025-03-18,92010.58522119031,2302.595693125066,2571.9836775672366
2025-03-19,91886.94723674814,2447.5456931250665,2580.7244183079765
2025-03-20,91441.16480786151,2151.8234709028443,2511.1058997894584
2025-03-21,91105.54904564156,2175.490137569511,2265.605899789458
2025-03-22,91198.4332834216,2358.490137569511,1080.1058997894581
2025-03-23,91868.81752120166,1750.4901375695108,1074.4392331227916
2025-03-24,92245.8684256484,1451.4901375695108,2573.1446594793806
2025-03-25,91819.91933009512,2237.490137569511,2399.9392331227914
2025-03-26,91639.9702345418,2219.990137569511,2247.7725664561244
2025-03-27,91642.18780565522,2249.990137569511,2370.105899789458
2025-03-28,91489.73871010194,2217.656804236178,2249.605899789458
2025-03-29,91702.78961454866,2462.656804236178,1032.1058997894584
2025-03-30,92406.84051899536,1736.1568042361773,1177.772566456125
2025-03-31,92586.05809010874,1356.9901375695108,2522.056880181615
2025-04-01,92200.27075926137,2154.181314040099,2595.9686448874972
2025-04-02,91889.98342841397,2285.681314040099,2517.968644887497
2025-04-03,91616.69609756656,2244.681314040099,2465.9686448874972
2025-04-04,91341.07543338582,2190.347980706766,2237.9686448874972
2025-04-05,91424.45476920511,2321.3479807067656,1052.4686448874977
2025-04-06,91895.83410502438,1523.181314040099,976.3019782208307
2025-04-07,92320.54677417697,1401.0146473734326,2618.8019782208307
2025-04-08,91746.25944332957,2044.5146473734326,2287.3019782208303
2025-04-09,91785.3054458155,2326.3479807067656,2486.3019782208307
2025-04-10,91592.85144830146,2297.8479807067656,2386.3019782208303
2025-04-11,91398.39745078738,2190.347980706766,2198.8019782208303
2025-04-12,91751.61011993997,2552.0146473734326,1013.3019782208307
2025-04-13,92416.32278909258,1678.0146473734324,1150.9686448874975
2025-04-14,92682.70212491186,1417.3479807067656,2567.4686448874977
2025-04-15,92179.08146073112,2063.847980706766,2429.9686448874977
2025-04-16,92145.96079655037,2396.8479807067656,2500.3019782208307
2025-04-17,91923.67346570297,2278.0146473734326,2644.5519782208307
2025-04-18,91661.13613485557,2382.0146473734326,1873.5519782208307
2025-04-19,91958.5988040082,2171.0146473734326,1083.5519782208307
2025-04-20,92650.06147316078,1775.0146473734324,1077.5519782208307
2025-04-21,93036.52414231338,1461.0146473734324,2711.3019782208307
2025-04-22,92750.23681146599,2425.0146473734326,2556.156124074976
2025-04-23,92498.33401275313,2309.624853833639,2267.736743455596
2025-04-24,92360.05394131299,2130.906672015457,2240.7920066134907
2025-04-25,92263.74994642788,2139.0806043209686,2149.5399464340794
2025-04-26,92325.1194269638,2214.687204747786,1006.4843908785242
2025-04-27,92950.23890749972,1633.6038714144522,1061.393481787615
2025-04-28,93304.27694864172,1416.3690229296037,2511.330981787615
2025-04-29,93663.31498978371,2817.7199001225863,2258.8879993314745
2025-04-30,93541.74776776781,2137.3207773155686,2353.887999331475
2025-05-01,93370.79593036727,2182.85923885403,2387.2110762545512
2025-05-02,93157.14409296674,2173.5592388540304,2339.665621709097
2025-05-03,93137.76498283897,2322.104693399485,1135.2338035272787
2025-05-04,93630.88587271115,1628.3546933994849,1050.9338035272788
2025-05-05,94101.90676258337,1521.9546933994848,2559.9338035272795
2025-05-06,93636.1094706374,2094.136511581303,2468.969517812993
2025-05-07,93281.16932154856,2114.02936872416,2283.969517812993
2025-05-08,93139.22917245973,2142.02936872416,2302.060426903902
2025-05-09,92979.01629609817,2141.8475505423417,2174.560426903902
2025-05-10,93008.22008640328,2203.7642172090086,1035.8104269039022
2025-05-11,93568.42387670837,1596.0142172090084,979.9104269039022
2025-05-12,93975.32766701348,1386.8142172090083,2415.9104269039026
2025-05-13,93662.73145731859,2090.1012786125175,2360.3464627248063
2025-05-14,93589.4822965543,2283.2791201423324,2485.6584244472942
2025-05-15,93599.45993004838,2495.636057941376,2670.325091113961
2025-05-16,93504.77089687581,2575.636057941376,2320.825091113961
2025-05-17,93687.0818637032,2503.136057941376,1179.8250911139612
2025-05-18,94384.39283053063,1877.1360579413756,1131.1584244472945
2025-05-19,94953.3704640247,1700.6360579413756,2957.6584244472942
2025-05-20,94333.34809751878,2337.136057941376,2688.6584244472942
2025-05-21,93961.32573101285,2316.636057941376,2684.6584244472942
2025-05-22,93654.30336450695,2377.636057941376,2619.6584244472942
2025-05-23,93436.28099800104,2401.636057941376,2417.6584244472942
2025-05-24,93546.25863149512,2527.636057941376,1112.6584244472945
2025-05-25,94266.23626498919,1832.6360579413756,1199.6584244472945
2025-05-26,94586.21389848329,1519.6360579413756,1069.6584244472945
2025-05-27,95175.19153197735,1658.6360579413756,2964.6584244472942
2025-05-28,94648.16916547145,2437.636057941376,2789.6584244472942
2025-05-29,94087.14679896552,2228.636057941376,2535.6584244472942
2025-05-30,93901.12443245962,2349.636057941376,2402.671244960115
2025-05-31,94001.51232236394,2503.9822117875296,1073.5943218831917
2025-06-01,94736.90021226827,1808.9822117875294,1058.0943218831917
2025-06-02,95273.2881021726,1594.4822117875294,2870.260988549858
2025-06-03,94772.5093254103,2369.4822117875296,2522.2609885498587
2025-06-04,94722.23054864796,2471.9822117875296,2453.7609885498587
2025-06-05,94524.45177188562,2255.3155451208627,2584.927655216525
2025-06-06,94532.00632845663,2592.4822117875296,2407.9276552165247
2025-06-07,94664.89421836098,2542.8155451208627,1138.4276552165252
2025-06-08,95210.28210826531,1684.8155451208625,1141.9276552165252
2025-06-09,95543.66999816966,1474.3155451208627,2612.1852309741007
2025-06-10,95420.45182746793,2490.9367572420747,2517.6549279437977
2025-06-11,95252.2336567662,2345.441629349261,2608.695122828085
2025-06-12,94935.96554696582,2290.5808591815485,2527.025892058855
2025-06-13,94739.52051408851,2330.5808591815485,2440.025892058855
2025-06-14,94755.07548121121,2455.5808591815485,1075.0258920588547
2025-06-15,95324.6304483339,1644.5808591815485,978.0258920588547
2025-06-16,95856.1854154566,1509.5808591815485,2820.793015346526
2025-06-17,95324.76777983956,2289.3753797294935,2564.1263486798593
2025-06-18,95113.68347755588,2353.04204639616,2570.6263486798593
2025-06-19,94807.09917527216,2264.04204639616,1424.6263486798591
2025-06-20,95323.51487298847,1940.54204639616,2368.459682013193
2025-06-21,95378.7639040381,2423.708713062827,1090.4596820131926
2025-06-22,96064.01293508774,1775.708713062827,992.8596820131926
2025-06-23,96602.36196613738,1531.208713062827,2847.193015346526
2025-06-24,95972.04433052032,2216.8753797294935,2586.193015346526
2025-06-25,95789.2266949033,2403.8753797294935,2561.5501582036686
2025-06-26,95554.55191642912,2326.8753797294935,2654.050158203668
2025-06-27,95316.37713795496,2415.8753797294935,2383.000512813597
2025-06-28,95291.39030274318,2358.013677601834,1113.0005128135979
2025-06-29,96087.40346753142,1909.013677601834,1172.0005128135979
2025-06-30,96466.91663231967,1550.8470109351674,2943.641722636223
2025-07-01,95773.61753414963,2252.5331006566553,2745.7655321600328
2025-07-02,95379.9517693129,2352.099767323322,2689.4083893028896
2025-07-03,95164.64314733335,2473.433100656655,2539.2205105150115
2025-07-04,95054.50422232345,2429.08158550514,1061.5538438483447
2025-07-05,96056.1986306469,2063.248252171807,1294.5538438483447
2025-07-06,96557.89303897039,1796.248252171807,1214.0538438483447
2025-07-07,96916.08744729386,1571.5815855051403,2919.315748610249
2025-07-08,96340.56756990303,2343.7958712194254,2619.1157486102493
2025-07-09,96184.94769251221,2463.4958712194257,2623.1713041658045
2025-07-10,96013.60559289916,2451.829204552759,2879.004637499138
2025-07-11,95655.43015995278,2519.920113643668,2311.368273862774
2025-07-12,95885.7547270064,2541.692840916395,1025.8682738627747
2025-07-13,96555.57929406004,1695.6928409163957,1246.8682738627747
2025-07-14,96922.73719444698,1613.6928409163957,2907.3682738627745
2025-07-15,96277.39509483392,2262.0261742497287,2488.368273862774
2025-07-16,96151.05299522089,2362.0261742497287,2524.3939148884156
2025-07-17,95967.83910073605,2341.180020403575,2580.5613222958227
2025-07-18,95725.5852062512,2339.270390773945,2486.9687297032306
2025-07-19,95645.5535339886,2406.9370574406116,1042.4687297032306
2025-07-20,96318.02186172598,1714.937057440612,1084.6353963698973
2025-07-21,96818.32352279668,1584.937057440612,2728.635396369897
2025-07-22,96289.12518386739,2198.637057440612,2567.9353963698973
2025-07-23,96189.42684493812,2468.237057440612,2474.7687297032303
2025-07-24,96001.39517267549,2286.737057440612,2456.8471610757797
2025-07-25,95961.0399710011,2417.8252927347294,2167.1804944091127
2025-07-26,96186.68476932673,2392.32529273473,995.6804944091131
2025-07-27,96980.82956765234,1789.6586260680629,1181.180494409113
2025-07-28,97289.97436597795,1490.3252927347298,2714.1804944091123
2025-07-29,96722.11916430356,2146.8252927347294,2454.6804944091127
2025-07-30,96686.2639626292,2418.82529273473,2442.1804944091127
2025-07-31,96536.40876095483,2251.5984872171866,2501.9883321281727
2025-08-01,96435.8589856268,2388.5348530964766,2371.9661099059504
2025-08-02,96599.78698807661,2535.894112355736,1099.4661099059504
2025-08-03,97235.71499052638,1734.894112355736,1127.9661099059506
2025-08-04,97701.14299297617,1593.394112355736,2695.4661099059504
2025-08-05,97185.07099542597,2179.894112355736,2679.9661099059504
2025-08-06,96928.49899787574,2422.894112355736,2597.632776572617
2025-08-07,96591.42700032552,2260.5607790224026,2494.223685663526
2025-08-08,96453.76409368438,2360.4698699314936,2337.132776572617
2025-08-09,96521.10118704328,2403.4698699314936,983.9661099059505
2025-08-10,97302.43828040217,1765.8032032648273,1179.5543452000682
2025-08-11,97649.0989031728,1526.2149679707095,2856.3020375077604
2025-08-12,97183.67132081524,2390.8744551501964,3448.802037507761
2025-08-13,96155.74373845766,2406.9207574462944,2560.6445944652214
2025-08-14,96090.14087621981,2495.041732227374,2787.328993662238
2025-08-15,95911.49318079204,2609.1812982344472,2521.3289936622386
2025-08-16,95978.84548536425,2588.6812982344477,1108.8289936622386
2025-08-17,96752.19778993646,1882.1812982344472,1162.8289936622386
2025-08-18,98345.80009450865,1711.2700079118672,3030.495660328905
2025-08-19,97695.40239908086,2380.097964901114,2600.662326995572
2025-08-20,97705.0047036531,2606.2784568038837,2673.5807890641463
2025-08-21,97493.02246696145,2461.5985523725344,2689.41412239748
2025-08-22,97249.29023026986,2446.181885705868,2416.7474557308133
2025-08-23,97424.55799357823,2592.015219039201,1149.2474557308133
2025-08-24,98175.82575688662,1900.5152190392014,1227.4141223974798
2025-08-25,98693.26018686169,1744.8485523725346,3032.5807890641463
2025-08-26,98121.02280920821,2460.343411410677,2849.4925537700287
2025-08-27,97722.16778449593,2444.431560453286,2825.6464045544412
2025-08-28,97347.99865923439,2454.2897792929025,2793.2405234051353
2025-08-29,97229.19364614654,2674.4355103172843,2749.026237690849
2025-08-30,97150.12239929246,2670.454990836765,1170.1929043575155
2025-08-31,98000.38448577169,2020.6216575034316,1267.6929043575155
2025-09-01,98390.14657225095,1657.9549908367649,1445.6929043575155
2025-09-02,98767.4086587302,1821.6216575034316,3411.1929043575155
2025-09-03,97967.67074520944,2611.454990836765,3026.6929043575155
2025-09-04,97565.9328316887,2624.454990836765,3002.1929043575155
2025-09-05,97240.19491816794,2675.597847979622,2448.4071900718013
2025-09-06,97570.31414750434,2779.5264194081938,1133.4071900718013
2025-09-07,98267.93337684074,1831.0264194081935,1286.9071900718013
2025-09-08,98605.55260617712,1624.5264194081933,3108.9071900718013
2025-09-09,97936.17183551351,2439.0264194081938,2853.9071900718013
2025-09-10,97709.2910648499,2627.0264194081933,2792.9071900718013
2025-09-11,97431.41029418631,2517.0264194081933,2903.9071900718013
2025-09-12,97072.5295235227,2540.536782102494,2510.3250631795936
2025-09-13,97088.5415870221,2520.3418068662195,1188.3250631795936
2025-09-14,97724.55365052153,1824.8371266790118,1158.3250631795936
2025-09-15,98152.06571402094,1585.3371266790118,2876.3250631795936
2025-09-16,97815.57777752036,2540.337126679012,2744.8250631795936
2025-09-17,97557.58984101978,2486.337126679012,2684.3250631795936
2025-09-18,97303.6019045192,2430.337126679012,2585.8250631795936
2025-09-19,97371.61396801862,2653.837126679012,2498.8250631795936
2025-09-20,97520.62603151803,2648.337126679012,1181.8250631795936
2025-09-21,98347.63809501745,2008.8371266790118,1165.8250631795936
2025-09-22,98877.65015851686,1695.8371266790118,3005.8250631795936
2025-09-23,98478.66222201628,2606.837126679012,2766.99172984626
2025-09-24,98196.00761884903,2485.6704600123453,2742.8250631795936
2025-09-25,97998.85301568179,2545.1704600123453,2858.8250631795936
2025-09-26,97767.19841251454,2627.003793345679,2561.8250631795936
2025-09-27,97763.71047601396,2557.837126679012,1102.8250631795936
2025-09-28,98481.72253951337,1820.3371266790118,1243.3250631795936
2025-09-29,98776.7346030128,1538.3371266790118,3099.8250631795936
2025-09-30,98104.74666651222,2429.337126679012,2864.99172984626
2025-10-01,97886.92539667833,2645.1704600123453,2895.19172984626
2025-10-02,97597.50412684439,2605.770460012345,2698.5250631795934
2025-10-03,97385.2161903438,2487.6537933456784,2353.7750631795934
2025-10-04,97515.0949205099,2483.6537933456784,1228.2750631795934
2025-10-05,98134.97365067595,1848.1537933456784,1235.2750631795934
2025-10-06,98546.01904750873,1643.5704600123454,2945.8250631795936
2025-10-07,98023.83111100816,2423.637126679012,2934.158396512927
2025-10-08,97567.34317450758,2478.337126679012,2753.3250631795936
2025-10-09,97274.85523800697,2460.837126679012,2901.8250631795936
2025-10-10,96923.36730150641,2549.6704600123453,2444.3250631795936
2025-10-11,97062.87936500582,2583.837126679012,1042.8250631795936
2025-10-12,97747.89142850523,1727.8371266790118,1206.3250631795936
2025-10-13,98060.90349200467,1519.3371266790118,2359.8250631795936
2025-10-14,97797.91555550408,2096.337126679012,2660.8250631795936
2025-10-15,97619.92761900349,2482.837126679012,2705.49172984626
2025-10-16,97390.77301583625,2476.337126679012,2686.99172984626
2025-10-17,97230.11841266899,2526.337126679012,2389.8250631795936
2025-10-18,97330.63047616842,2491.337126679012,1195.3250631795936
2025-10-19,97842.14253966784,1705.8371266790118,1655.3250631795936
2025-10-20,97719.48793650058,1546.0037933456786,1714.8250631795936
2025-10-21,97637.66666666666,1564.7003380387837,2525.4761904761904
2025-10-22,97463,2351,2468.5
2025-10-23,97302.83333333334,2308.3333333333335,2685.5
2025-10-24,97276.83333333334,2659.5,2386.25
2025-10-25,97530.58333333333,2640,1086.25
2025-10-26,98082,1637.6666666666665,1183.75
2025-10-27,98429.91666666667,1531.6666666666665,3009.75
2025-10-28,97738.83333333333,2317.809523809524,2820.8333333333335
2025-10-29,97566.5,2649.1666666666665,2729.5
2025-10-30,97107.5,2270.5,2753
2025-10-31,97040.6,2684.7666666666664,2708.4166666666665
2025-11-01,96970.7,2640.6,1222.5
2025-11-02,97690.8,1943.1,1273
2025-11-03,98076.9,1658.4333333333332,3535.8333333333335
2025-11-04,97312,2771.6,2666
2025-11-05,97120,2474,2683
2025-11-06,97110.5,2673.3333333333335,2877
2025-11-07,96877,2643,2641
2025-11-08,96994.5,2758,1231
2025-11-09,97572,1809,1320.5
2025-11-10,97703,1451,2823.1111111111113
2025-11-11,97166,2287,1075
2025-11-12,97780.66666666667,1689.6666666666667,2844
2025-11-13,97360.33333333333,2423.666666666667,2917
2025-11-14,97081.5,2638.166666666667,2774.25
2025-11-15,97013.16666666667,2705.916666666667,1152.25
2025-11-16,97694.33333333333,1833.4166666666667,1129.25
2025-11-17,98210,1644.9166666666667,3192.25
2025-11-18,97407,2389.25,2916.5
2025-11-19,96973.25,2481.8611111111113,2878.2
2025-11-20,96720.2,2626.15,2718.5333333333333
2025-11-21,96468.81666666667,2466.65,2699.2
2025-11-22,96402.43333333333,2633.15,1118.5333333333333
2025-11-23,97064.63333333333,1780.7333333333333,1324.2
2025-11-24,97389.16666666667,1648.7333333333333,3143.5
2025-11-25,96594.5,2348.8333333333335,2941.5
2025-11-26,96072.45833333333,2419.4583333333335,2717.5333333333338
2025-11-27,95421.78333333333,2066.8583333333336,863.5666666666666
2025-11-28,95790.10833333334,1231.8583333333331,1186.7
2025-11-29,96332.48888888888,1729.0805555555555,981.0083333333334
2025-11-30,96897.48611111111,1546.7555555555555,1036.5083333333334
2025-12-01,97253.23333333334,1392.2555555555555,3046.3083333333334
2025-12-02,96525.78055555555,2318.0555555555557,2596.475
2025-12-03,96290.16111111111,2360.438888888889,2781.8852564102563
2025-12-04,95904.66666666666,2397.313888888889,2730.9583333333335
2025-12-05,95707.72222222222,2532.0138888888887,2317.625
2025-12-06,95846.61111111111,2456.5138888888887,1086.125
2025-12-07,96437.5,1677.013888888889,1162.348484848485
2025-12-08,96770.22727272726,1494.5757575757575,2827.081818181818
2025-12-09,96198.95454545454,2256.3090909090906,2754.081818181818
2025-12-10,95848.18181818182,2403.3090909090906,2584.581818181818
2025-12-11,95658.90909090909,2395.3090909090906,2746.081818181818
2025-12-12,95405.13636363637,2492.3090909090906,2492.581818181818
2025-12-13,95345.36363636363,2432.8090909090906,1071.6818181818182
2025-12-14,95912.59090909091,1638.909090909091,1120.1818181818182
2025-12-15,96216.81818181818,1424.409090909091,2896.681818181818
2025-12-16,95578.54545454546,2257.486013986014,2869.258741258741
2025-12-17,95103.77272727274,2395.409090909091,2773.681818181818
2025-12-18,94738,2407.909090909091,2813.3
2025-12-19,94232.5,2309.1,2710.6
2025-12-20,93920,2398.1,1149.6
2025-12-21,94431.66666666667,1661.2666666666667,1175.6
2025-12-22,94717.83333333333,1461.7666666666667,3043.6
2025-12-23,93908.5,2234.7666666666664,2810.0526315789475
2025-12-24,93237.26315789473,2140.2631578947367,1692.5
2025-12-25,93081.02631578947,1536.7631578947369,721
2025-12-26,93542.78947368421,1181.7631578947369,1425
2025-12-27,93929.55263157895,1811.7631578947369,917.5
2025-12-28,94654.81578947368,1642.7631578947369,990
2025-12-29,95082.07894736843,1416.34008097166,2689
2025-12-30,94447.34210526316,2054.2631578947367,2397.833333333333
2025-12-31,94246.1052631579,2197.2631578947367,1972.5
2026-01-01,94471.20175438597,2197.59649122807,1112.3333333333335
2026-01-02,95121.79824561403,1762.2631578947367,2103.666666666667
2026-01-03,95308.8947368421,2291.4298245614036,1020.1666666666667
2026-01-04,95948.65789473684,1659.9298245614034,937.1666666666666
2026-01-05,96461.42105263157,1448.5964912280704,2858.9166666666665
2026-01-06,96180.18421052632,2579.4298245614036,2786.833333333333
2026-01-07,96022.94736842105,2629.59649122807,2684
2026-01-08,96093.21052631579,2754.2631578947367,2917
2026-01-09,95986.47368421053,2810.2631578947367,2750
2026-01-10,95937.73684210527,2702.2631578947367,1174.5
2026-01-11,96569,1805.2631578947369,1103.1904761904761
2026-01-12,97059.97619047618,1594.1666666666667,2827.190476190476
2026-01-13,96715.45238095238,2481.791666666667,2876.0238095238096
2026-01-14,96441.42857142858,2602.6666666666665,2632.190476190476
2026-01-15,96262.90476190476,2453.6666666666665,2647.690476190476
2026-01-16,96199.38095238095,2583.5,2586.107142857143
2026-01-17,96173.60714285714,2559.8333333333335,1156.4404761904761
2026-01-18,96798.5,1781.3333333333333,1219.857142857143
2026-01-19,97006.72619047618,1429,1177.607142857143
2026-01-20,97408.45238095238,1579.3333333333335,3045.0238095238096
2026-01-21,96787.76190476191,2425.333333333333,2635.690476190476
2026-01-22,96520.23809523809,2367.6666666666665,2614.3571428571427
2026-01-23,96303.54761904762,2397.6666666666665,2611.523809523809
2026-01-24,96082.85714285714,2391.333333333333,971.5238095238095
2026-01-25,96469.16666666667,1357.3333333333335,792.8571428571429
2026-01-26,96624.64285714286,948.3333333333333,1773.6904761904761
2026-01-27,96308.61904761905,1457.6666666666667,2125.523809523809
2026-01-28,96209.92857142857,2026.8333333333335,2487.5238095238096
2026-01-29,95941.73809523809,2218.833333333333,2583.5238095238096
2026-01-30,95773.79761904762,2414.1666666666665,2463.890476190476
2026-01-31,95769.02380952382,2460.4166666666665,1028.1904761904761
2026-02-01,96264.25,1523.4166666666667,1123
2026-02-02,96501,1359.75,2584.5
2026-02-03,96303.5,2387.5,2696.5
2026-02-04,96028.5,2420.2,2559.8928571428573
2026-02-05,95941,2473.25,2814.455128205128
2026-02-06,95720.0641025641,2593.5192307692305,2478.455128205128
2026-02-07,95994.6282051282,2753.0192307692305,1152.9551282051284
2026-02-08,96658.69230769231,1817.0192307692307,1334.871794871795
2026-02-09,96983.2564102564,1659.4358974358972,2921.371794871795
2026-02-10,96469.57051282052,2407.6858974358975,2689.038461538462
2026-02-11,96315.71794871795,2534.328754578755,2673.038461538462
2026-02-12,96122.53205128205,2480.5192307692305,3112.505128205128
2026-02-13,95562.14615384616,2552.619230769231,2701.6051282051285
2026-02-14,95451.86025641026,2590.652564102564,1138.0293706293705
2026-02-15,96160.90769230768,1847.9858974358974,1229.9384615384615
2026-02-16,96496.95512820514,1565.9858974358974,1607.2717948717946
2026-02-17,96766.16923076923,1875.9858974358974,2906.6384615384613
2026-02-18,96424.5,2564.9692307692308,2795.5
2026-02-19,96109,2480,2797.75
2026-02-20,95865.75,2555,2560.75
2026-02-21,96020.5,2715,1209.75
2026-02-22,96597.25,1786.5,1234.5
2026-02-23,96813,1450.25,2954.25
2026-02-24,96209.5,2350.75,2756.607142857143
2026-02-25,95956.64285714286,2502.840909090909,2655.107142857143
2026-02-26,95859.78571428571,2559.25,2837.6904761904766
2026-02-27,95521.42857142858,2499,2671.857142857143
2026-02-28,95661.07142857142,2810.5,1186.357142857143
2026-03-01,96306.71428571429,1831.3333333333333,1322.357142857143
2026-03-02,96596.85714285714,1612.5,2979.857142857143
2026-03-03,96113,2496.5,2970
2026-03-04,96160.5,3017.5,2691.6666666666665
2026-03-05,96023.5,2555.5,2807.9285714285716
2026-03-06,95788,2572.4285714285716,2607.9285714285716
2026-03-07,96034,2853.9285714285716,1219.4285714285716
2026-03-08,96585.5,1770.9285714285716,1217.4841269841272
2026-03-09,97015.83333333333,1647.8174603174605,3104.984126984127
2026-03-10,96461.66666666667,2550.4841269841268,2637.484126984127
2026-03-11,96281.5,2456.150793650794,2775.6507936507937
2026-03-12,95952.33333333334,2445.484126984127,2674.722222222222
2026-03-13,95774.66666666666,2498.5555555555557,2412.222222222222
2026-03-14,95953,2590.0555555555557,1141.7222222222222
2026-03-15,96604.33333333334,1793.5555555555557,1223.9222222222222
2026-03-16,96908.16666666666,1529.5555555555557,3389.222222222222
2026-03-17,95737.5,2220.0555555555557,2586
2026-03-18,95638.33333333333,2485.8333333333335,2820.5
2026-03-19,95244.66666666667,2426.333333333333,2638.5
2026-03-20,94982,2375.333333333333,2408.5
2026-03-21,95158.5,2585,1130
2026-03-22,95892.5,1864,1200
2026-03-23,96342.5,1650,2801.5
2026-03-24,95920.5,2379.5,2703.5
2026-03-25,95652,2434.1,2577.8333333333335
2026-03-26,95710.5,2636.5,2744.5
2026-03-27,95515.5,2549.5,2378.8
2026-03-28,95643,2505.633333333333,1155.05
2026-03-29,96228,1740.8,1199.3
2026-03-30,96563,1533.8,2914.8
2026-03-31,96168.5,2520.8,2792.3
2026-04-01,95966.5,2590.05,2773.2083333333335
2026-04-02,95654.375,2462.875,2658.833333333333
2026-04-03,95404.66666666666,2411.1250000000005,1854.6666666666667
2026-04-04,95809.95833333333,2259.9583333333335,1235.1666666666667
2026-04-05,96322.25000000001,1744.7916666666665,1087.3333333333333
2026-04-06,96722.375,1486.7083333333335,3028
2026-04-07,96002.75,2308.375,2644.066666666667
2026-04-08,95834.45833333334,2477.375,2702.666666666667
2026-04-09,95721.66666666666,2589,2672.0000000000005
2026-04-10,95565.33333333333,2515.6666666666665,2411.5
2026-04-11,95740.66666666667,2586.8333333333335,1167
2026-04-12,96329.16666666666,1754.7,1200.8333333333335
2026-04-13,96708.33333333334,1579.0833333333333,2859.4999999999995
2026-04-14,96311.66666666667,2462.9999999999995,2714.6666666666665
2026-04-15,96045.16666666667,2448.6666666666665,2649.833333333333
2026-04-16,95860.16666666666,2465.3333333333335,2462.333333333333
2026-04-17,95916.5,2518,2547
2026-04-18,95957,2587.5,1059.5
2026-04-19,96656,1757.1666666666667,1249.75
2026-04-20,96905,1500,2888.5
2026-04-21,96439.5,2423,2855
2026-04-22,95912.5,2327.5,2615
2026-04-23,95781,2482.75,2686.25
2026-04-24,95692.5,2598.5,2422.1833333333334
2026-04-25,95764.95,2494.633333333333,1185.35
2026-04-26,96291.56666666667,1712.4666666666665,1351.3500000000001
2026-04-27,96481.18333333333,1540.2166666666665,3173.1833333333334
2026-04-28,95950.3,2642.3,2836.9333333333334
2026-04-29,95611.16666666667,2497.8,2872.3333333333335
2026-04-30,95147.33333333333,2408.5000000000005,null